280.0,188.0,115.0,171.0,200.0,129.0,118.0,424.0,300.0,206.0,601.0,440.0,375.0,129.0,474.0,67.0,951.0,508.0,702.0,805.0,361.0,811.0,1005.0,504.0,379.0,332.0,483.0,203.0,535.0,767.0,1011.0,494.0,416.0,169.0,324.0,848.0,666.0,665.0,192.0,426.0,502.0,1011.0,279.0,135.0,965.0,772.0,160.0,396.0,282.0,98.0,59.0,78.0,127.0,44.0,549.0,717.0,183.0,838.0,182.0,1011.0,625.0,416.0,140.0,1011.0,774.0,85.0,273.0,221.0,662.0,194.0,347.0,418.0,569.0,1011.0,518.0,135.0,147.0,97.0,87.0,89.0,431.0,195.0,342.0,92.0,1011.0,730.0,363.0,266.0,344.0,700.0,579.0,237.0,237.0,467.0,92.0,102.0,91.0,119.0,259.0,737.0
183.0,106.0,98.0,80.0,149.0,634.0,205.0,340.0,385.0,37.0,103.0,118.0,213.0,257.0,283.0,990.0,661.0,452.0,286.0,310.0,966.0,1011.0,220.0,885.0,591.0,176.0,540.0,559.0,549.0,255.0,306.0,299.0,794.0,62.0,71.0,50.0,104.0,207.0,222.0,287.0,124.0,1011.0,243.0,871.0,109.0,58.0,46.0,438.0,332.0,245.0,423.0,287.0,96.0,529.0,562.0,1011.0,418.0,256.0,886.0,814.0,202.0,580.0,1011.0,328.0,632.0,421.0,90.0,153.0,788.0,1011.0,142.0,674.0,491.0,421.0,679.0,123.0,51.0,339.0,119.0,764.0,200.0,792.0,269.0,275.0,708.0,55.0,578.0,113.0,439.0,286.0,254.0,402.0,306.0,627.0,573.0,426.0,429.0,855.0,422.0,114.0
117.0,185.0,185.0,100.0,72.0,209.0,258.0,286.0,318.0,108.0,119.0,377.0,81.0,53.0,37.0,106.0,53.0,43.0,37.0,24.0,16.0,39.0,12.0,125.0,87.0,32.0,25.0,21.0,124.0,38.0,41.0,16.0,120.0,158.0,87.0,267.0,393.0,277.0,59.0,40.0,701.0,727.0,390.0,553.0,264.0,63.0,93.0,35.0,45.0,382.0,41.0,193.0,787.0,211.0,578.0,795.0,161.0,537.0,446.0,877.0,505.0,288.0,707.0,679.0,310.0,571.0,128.0,106.0,281.0,101.0,182.0,96.0,87.0,80.0,88.0,397.0,71.0,960.0,1011.0,225.0,255.0,216.0,181.0,453.0,304.0,566.0,414.0,621.0,702.0,635.0,63.0,88.0,68.0,92.0,95.0,92.0,97.0,171.0,406.0,324.0
221.0,147.0,91.0,59.0,721.0,67.0,20.0,94.0,236.0,172.0,528.0,114.0,314.0,270.0,244.0,668.0,699.0,635.0,356.0,283.0,277.0,413.0,320.0,380.0,298.0,426.0,102.0,65.0,43.0,55.0,51.0,712.0,546.0,534.0,50.0,158.0,242.0,100.0,60.0,663.0,30.0,888.0,675.0,1011.0,694.0,1011.0,385.0,368.0,739.0,634.0,206.0,389.0,926.0,144.0,598.0,1011.0,307.0,317.0,270.0,561.0,167.0,297.0,84.0,588.0,89.0,86.0,142.0,84.0,52.0,452.0,383.0,84.0,101.0,133.0,640.0,530.0,439.0,85.0,856.0,729.0,352.0,55.0,88.0,157.0,78.0,90.0,150.0,84.0,377.0,711.0,112.0,119.0,259.0,35.0,486.0,1011.0,102.0,100.0,56.0,541.0
138.0,110.0,168.0,104.0,176.0,174.0,208.0,225.0,117.0,195.0,224.0,341.0,364.0,693.0,116.0,483.0,103.0,119.0,127.0,933.0,95.0,96.0,82.0,77.0,101.0,78.0,80.0,395.0,302.0,111.0,23.0,169.0,234.0,160.0,209.0,426.0,456.0,50.0,449.0,484.0,730.0,589.0,144.0,259.0,104.0,1011.0,33.0,245.0,610.0,892.0,299.0,308.0,97.0,888.0,258.0,556.0,198.0,405.0,1011.0,150.0,66.0,475.0,57.0,766.0,251.0,965.0,463.0,831.0,414.0,698.0,74.0,95.0,271.0,1011.0,135.0,127.0,687.0,1011.0,92.0,478.0,304.0,159.0,163.0,154.0,295.0,418.0,350.0,1011.0,384.0,515.0,589.0,304.0,522.0,785.0,282.0,406.0,390.0,832.0,201.0,357.0
94.0,77.0,119.0,110.0,356.0,125.0,204.0,319.0,353.0,489.0,288.0,275.0,237.0,168.0,256.0,803.0,1011.0,213.0,305.0,484.0,283.0,95.0,163.0,112.0,328.0,30.0,229.0,219.0,257.0,75.0,264.0,938.0,280.0,68.0,43.0,105.0,151.0,481.0,508.0,362.0,361.0,106.0,83.0,47.0,43.0,158.0,40.0,31.0,149.0,507.0,54.0,53.0,43.0,253.0,781.0,393.0,723.0,606.0,949.0,239.0,331.0,385.0,314.0,1011.0,104.0,97.0,600.0,266.0,333.0,174.0,222.0,879.0,590.0,818.0,450.0,138.0,443.0,92.0,154.0,195.0,105.0,41.0,208.0,305.0,351.0,85.0,655.0,283.0,231.0,714.0,794.0,933.0,1011.0,159.0,597.0,274.0,779.0,754.0,400.0,861.0
207.0,267.0,198.0,250.0,101.0,608.0,251.0,122.0,354.0,153.0,100.0,89.0,97.0,415.0,102.0,533.0,401.0,299.0,226.0,79.0,157.0,61.0,562.0,517.0,129.0,604.0,221.0,330.0,491.0,601.0,201.0,486.0,622.0,102.0,424.0,749.0,1011.0,153.0,197.0,677.0,386.0,347.0,762.0,473.0,878.0,310.0,214.0,311.0,668.0,241.0,430.0,842.0,317.0,85.0,83.0,392.0,488.0,320.0,352.0,766.0,562.0,374.0,742.0,576.0,1011.0,225.0,505.0,169.0,468.0,443.0,690.0,629.0,89.0,77.0,142.0,99.0,99.0,71.0,95.0,127.0,985.0,566.0,955.0,637.0,107.0,103.0,892.0,531.0,434.0,398.0,84.0,306.0,72.0,90.0,71.0,435.0,1011.0,260.0,304.0,1011.0
209.0,181.0,141.0,87.0,84.0,378.0,259.0,169.0,83.0,319.0,154.0,102.0,104.0,106.0,221.0,306.0,194.0,244.0,287.0,37.0,1011.0,249.0,608.0,534.0,431.0,1011.0,235.0,97.0,678.0,590.0,995.0,1011.0,721.0,138.0,245.0,641.0,336.0,289.0,38.0,1011.0,1011.0,147.0,268.0,586.0,1011.0,331.0,506.0,511.0,96.0,517.0,292.0,722.0,334.0,397.0,1011.0,343.0,593.0,605.0,257.0,118.0,88.0,91.0,49.0,126.0,158.0,53.0,53.0,97.0,181.0,158.0,102.0,89.0,59.0,297.0,54.0,41.0,15.0,43.0,37.0,40.0,31.0,7.0,7.0,9.0,7.0,7.0,8.0,32.0,7.0,34.0,7.0,39.0,9.0,42.0,34.0,26.0,29.0,33.0,32.0,30.0
340.0,214.0,128.0,107.0,53.0,295.0,91.0,159.0,671.0,208.0,58.0,155.0,213.0,573.0,301.0,118.0,116.0,105.0,103.0,62.0,105.0,92.0,92.0,74.0,83.0,76.0,101.0,790.0,243.0,242.0,236.0,992.0,397.0,483.0,397.0,289.0,383.0,583.0,1011.0,728.0,361.0,98.0,64.0,175.0,437.0,102.0,780.0,689.0,19.0,100.0,94.0,517.0,177.0,357.0,854.0,401.0,306.0,253.0,77.0,140.0,202.0,134.0,182.0,255.0,477.0,102.0,614.0,705.0,180.0,136.0,86.0,572.0,171.0,597.0,280.0,105.0,679.0,741.0,400.0,481.0,462.0,366.0,559.0,623.0,1011.0,118.0,219.0,488.0,183.0,117.0,384.0,56.0,1011.0,94.0,987.0,254.0,193.0,454.0,336.0,644.0
146.0,134.0,110.0,179.0,180.0,225.0,173.0,182.0,353.0,416.0,396.0,177.0,108.0,63.0,536.0,158.0,280.0,248.0,542.0,566.0,816.0,752.0,213.0,1011.0,384.0,779.0,201.0,335.0,569.0,136.0,185.0,189.0,235.0,633.0,514.0,567.0,366.0,84.0,361.0,444.0,822.0,346.0,274.0,747.0,287.0,212.0,272.0,59.0,262.0,221.0,648.0,89.0,90.0,281.0,819.0,93.0,485.0,1011.0,331.0,923.0,183.0,61.0,50.0,41.0,106.0,94.0,83.0,92.0,388.0,82.0,215.0,106.0,54.0,45.0,13.0,115.0,37.0,23.0,18.0,17.0,17.0,19.0,17.0,20.0,36.0,14.0,79.0,49.0,24.0,41.0,21.0,23.0,36.0,14.0,16.0,16.0,14.0,16.0,13.0,11.0
184.0,130.0,266.0,196.0,287.0,451.0,156.0,65.0,108.0,304.0,80.0,138.0,343.0,311.0,723.0,109.0,101.0,84.0,75.0,80.0,84.0,109.0,655.0,641.0,657.0,89.0,541.0,218.0,922.0,820.0,367.0,292.0,969.0,923.0,301.0,95.0,166.0,251.0,768.0,132.0,146.0,612.0,98.0,463.0,703.0,154.0,62.0,61.0,57.0,62.0,39.0,34.0,19.0,18.0,34.0,34.0,18.0,32.0,18.0,19.0,129.0,83.0,92.0,108.0,103.0,171.0,230.0,303.0,82.0,703.0,708.0,421.0,504.0,528.0,361.0,1011.0,630.0,192.0,1011.0,204.0,87.0,109.0,118.0,100.0,549.0,411.0,721.0,181.0,239.0,685.0,982.0,989.0,265.0,506.0,803.0,1011.0,92.0,122.0,117.0,756.0
148.0,81.0,228.0,367.0,281.0,108.0,729.0,129.0,308.0,84.0,237.0,617.0,311.0,919.0,884.0,391.0,1011.0,325.0,952.0,681.0,525.0,639.0,1011.0,358.0,151.0,769.0,289.0,128.0,1011.0,158.0,117.0,76.0,68.0,77.0,82.0,183.0,1011.0,239.0,309.0,137.0,80.0,62.0,44.0,112.0,225.0,193.0,177.0,102.0,80.0,101.0,585.0,897.0,685.0,1011.0,172.0,297.0,274.0,323.0,98.0,1001.0,124.0,728.0,713.0,416.0,192.0,763.0,1011.0,276.0,409.0,366.0,70.0,65.0,153.0,121.0,367.0,263.0,135.0,527.0,404.0,210.0,213.0,184.0,97.0,147.0,257.0,411.0,67.0,74.0,227.0,65.0,46.0,42.0,37.0,31.0,34.0,29.0,25.0,110.0,21.0,19.0
87.0,93.0,91.0,111.0,110.0,178.0,191.0,205.0,199.0,101.0,180.0,33.0,470.0,147.0,118.0,418.0,163.0,811.0,536.0,369.0,137.0,40.0,152.0,186.0,1011.0,85.0,201.0,402.0,68.0,79.0,803.0,182.0,306.0,57.0,45.0,34.0,628.0,91.0,101.0,225.0,78.0,631.0,792.0,856.0,273.0,508.0,391.0,1011.0,1003.0,334.0,538.0,602.0,417.0,595.0,425.0,112.0,828.0,558.0,377.0,922.0,106.0,88.0,434.0,270.0,127.0,108.0,87.0,636.0,1011.0,368.0,585.0,611.0,198.0,129.0,99.0,66.0,109.0,545.0,36.0,134.0,454.0,94.0,66.0,146.0,179.0,60.0,136.0,265.0,225.0,362.0,145.0,802.0,690.0,612.0,560.0,368.0,438.0,180.0,239.0,984.0
199.0,301.0,222.0,297.0,128.0,447.0,63.0,178.0,261.0,178.0,277.0,314.0,73.0,56.0,37.0,622.0,233.0,87.0,156.0,59.0,431.0,507.0,945.0,798.0,620.0,207.0,167.0,975.0,331.0,145.0,66.0,198.0,401.0,516.0,166.0,257.0,168.0,111.0,91.0,82.0,65.0,56.0,1011.0,855.0,244.0,786.0,585.0,214.0,64.0,487.0,160.0,245.0,410.0,182.0,458.0,559.0,157.0,789.0,85.0,191.0,356.0,451.0,761.0,1011.0,626.0,195.0,106.0,54.0,251.0,218.0,460.0,245.0,1011.0,353.0,202.0,1011.0,394.0,965.0,604.0,643.0,654.0,396.0,594.0,227.0,132.0,75.0,117.0,320.0,86.0,93.0,78.0,117.0,118.0,135.0,76.0,55.0,50.0,42.0,40.0,59.0
205.0,202.0,92.0,113.0,87.0,276.0,263.0,130.0,168.0,428.0,691.0,579.0,390.0,194.0,265.0,231.0,102.0,154.0,72.0,56.0,386.0,96.0,121.0,467.0,166.0,366.0,158.0,193.0,235.0,853.0,264.0,591.0,149.0,85.0,79.0,278.0,290.0,79.0,97.0,304.0,151.0,363.0,563.0,344.0,1011.0,179.0,407.0,828.0,1011.0,294.0,419.0,444.0,626.0,118.0,256.0,430.0,206.0,573.0,934.0,1011.0,123.0,93.0,60.0,318.0,89.0,90.0,89.0,537.0,33.0,70.0,138.0,125.0,96.0,276.0,104.0,856.0,588.0,385.0,694.0,1011.0,425.0,404.0,598.0,123.0,356.0,217.0,336.0,213.0,903.0,669.0,456.0,442.0,555.0,366.0,186.0,67.0,81.0,149.0,169.0,266.0
131.0,85.0,129.0,173.0,189.0,250.0,108.0,306.0,398.0,606.0,401.0,438.0,469.0,192.0,450.0,1011.0,151.0,1011.0,1011.0,606.0,271.0,99.0,64.0,147.0,71.0,57.0,383.0,748.0,601.0,85.0,195.0,409.0,500.0,937.0,387.0,1003.0,131.0,113.0,786.0,487.0,347.0,128.0,415.0,618.0,320.0,760.0,243.0,1011.0,691.0,646.0,375.0,360.0,674.0,260.0,295.0,670.0,1011.0,848.0,492.0,553.0,517.0,513.0,359.0,280.0,293.0,659.0,502.0,201.0,557.0,547.0,479.0,1011.0,351.0,916.0,127.0,129.0,59.0,83.0,62.0,54.0,40.0,344.0,741.0,192.0,75.0,162.0,119.0,129.0,1011.0,807.0,675.0,803.0,278.0,694.0,718.0,597.0,372.0,536.0,65.0,176.0
194.0,127.0,194.0,198.0,217.0,360.0,394.0,436.0,607.0,661.0,450.0,97.0,385.0,844.0,1011.0,678.0,614.0,466.0,240.0,525.0,612.0,250.0,106.0,457.0,829.0,292.0,712.0,685.0,200.0,218.0,174.0,269.0,696.0,326.0,59.0,264.0,102.0,178.0,123.0,72.0,495.0,271.0,468.0,227.0,962.0,649.0,284.0,462.0,979.0,799.0,454.0,71.0,599.0,377.0,147.0,67.0,41.0,171.0,447.0,201.0,253.0,1011.0,486.0,272.0,273.0,53.0,840.0,123.0,622.0,1011.0,182.0,338.0,337.0,82.0,223.0,495.0,78.0,40.0,298.0,584.0,332.0,766.0,572.0,191.0,884.0,342.0,301.0,425.0,910.0,922.0,226.0,294.0,477.0,79.0,58.0,431.0,246.0,512.0,127.0,672.0
177.0,178.0,263.0,289.0,217.0,161.0,682.0,294.0,113.0,474.0,90.0,138.0,654.0,135.0,528.0,218.0,649.0,973.0,1011.0,566.0,1011.0,455.0,369.0,211.0,103.0,309.0,732.0,774.0,537.0,40.0,1011.0,392.0,531.0,1011.0,594.0,648.0,705.0,435.0,335.0,413.0,1011.0,586.0,304.0,892.0,591.0,613.0,241.0,121.0,1011.0,98.0,72.0,52.0,44.0,43.0,36.0,39.0,20.0,49.0,45.0,42.0,37.0,25.0,41.0,20.0,25.0,71.0,105.0,102.0,56.0,277.0,121.0,197.0,530.0,202.0,630.0,631.0,986.0,284.0,111.0,462.0,659.0,204.0,231.0,69.0,636.0,530.0,662.0,903.0,162.0,1011.0,127.0,237.0,363.0,94.0,125.0,732.0,387.0,863.0,224.0,440.0
169.0,127.0,80.0,116.0,117.0,158.0,328.0,296.0,135.0,256.0,100.0,386.0,526.0,1011.0,300.0,403.0,881.0,509.0,569.0,252.0,97.0,108.0,26.0,375.0,240.0,284.0,1011.0,185.0,444.0,401.0,767.0,855.0,218.0,923.0,219.0,1011.0,968.0,888.0,517.0,926.0,135.0,459.0,799.0,521.0,680.0,99.0,742.0,243.0,994.0,513.0,230.0,519.0,237.0,237.0,74.0,348.0,365.0,518.0,836.0,1011.0,199.0,519.0,996.0,436.0,428.0,472.0,624.0,754.0,819.0,233.0,211.0,404.0,385.0,1007.0,1011.0,286.0,415.0,851.0,110.0,821.0,793.0,394.0,192.0,601.0,167.0,444.0,578.0,330.0,133.0,87.0,943.0,351.0,140.0,340.0,113.0,74.0,95.0,615.0,509.0,372.0
237.0,412.0,178.0,200.0,200.0,247.0,213.0,35.0,160.0,721.0,451.0,899.0,501.0,334.0,126.0,241.0,392.0,471.0,156.0,185.0,492.0,647.0,241.0,259.0,304.0,81.0,741.0,499.0,288.0,820.0,149.0,688.0,320.0,124.0,725.0,1011.0,1004.0,822.0,452.0,209.0,1011.0,702.0,537.0,377.0,125.0,95.0,86.0,76.0,436.0,822.0,230.0,579.0,490.0,316.0,637.0,964.0,212.0,120.0,419.0,1011.0,578.0,269.0,1007.0,356.0,196.0,683.0,276.0,96.0,425.0,979.0,392.0,1011.0,656.0,230.0,220.0,271.0,1011.0,601.0,358.0,89.0,1011.0,346.0,94.0,105.0,279.0,136.0,239.0,113.0,214.0,78.0,56.0,91.0,120.0,97.0,80.0,81.0,90.0,568.0,502.0,142.0
256.0,214.0,256.0,185.0,175.0,178.0,96.0,117.0,522.0,282.0,589.0,351.0,48.0,150.0,192.0,485.0,92.0,525.0,560.0,611.0,114.0,244.0,84.0,56.0,45.0,30.0,269.0,443.0,1011.0,71.0,561.0,246.0,319.0,153.0,661.0,105.0,495.0,104.0,99.0,771.0,267.0,105.0,83.0,574.0,1011.0,701.0,300.0,834.0,258.0,594.0,82.0,79.0,56.0,243.0,192.0,20.0,26.0,41.0,18.0,21.0,23.0,24.0,36.0,43.0,35.0,20.0,21.0,15.0,19.0,179.0,523.0,377.0,329.0,75.0,481.0,259.0,374.0,105.0,107.0,156.0,136.0,299.0,461.0,524.0,301.0,59.0,556.0,144.0,490.0,246.0,88.0,781.0,761.0,1011.0,211.0,143.0,161.0,69.0,55.0,38.0
295.0,313.0,224.0,563.0,117.0,38.0,586.0,93.0,70.0,86.0,50.0,40.0,41.0,45.0,37.0,50.0,42.0,52.0,61.0,31.0,38.0,141.0,34.0,122.0,47.0,371.0,518.0,77.0,162.0,120.0,44.0,52.0,291.0,332.0,116.0,258.0,984.0,355.0,374.0,82.0,67.0,164.0,634.0,204.0,109.0,1011.0,762.0,472.0,95.0,68.0,171.0,133.0,293.0,118.0,1011.0,104.0,117.0,804.0,421.0,449.0,526.0,702.0,420.0,202.0,671.0,415.0,878.0,886.0,772.0,509.0,660.0,329.0,806.0,1011.0,578.0,570.0,460.0,1011.0,127.0,957.0,376.0,76.0,48.0,806.0,117.0,191.0,49.0,44.0,37.0,55.0,34.0,30.0,66.0,43.0,50.0,28.0,23.0,27.0,27.0,15.0
128.0,195.0,114.0,128.0,192.0,200.0,307.0,117.0,263.0,516.0,1011.0,264.0,317.0,141.0,438.0,65.0,110.0,459.0,820.0,303.0,354.0,249.0,907.0,223.0,598.0,113.0,34.0,491.0,394.0,337.0,410.0,367.0,151.0,466.0,197.0,1011.0,489.0,205.0,81.0,116.0,947.0,909.0,1011.0,517.0,715.0,114.0,151.0,203.0,63.0,336.0,319.0,410.0,400.0,235.0,158.0,746.0,576.0,772.0,343.0,624.0,450.0,252.0,312.0,339.0,1011.0,121.0,1011.0,659.0,508.0,284.0,121.0,396.0,165.0,255.0,107.0,79.0,78.0,85.0,98.0,80.0,100.0,125.0,105.0,653.0,114.0,99.0,127.0,662.0,874.0,238.0,392.0,620.0,244.0,687.0,185.0,1011.0,797.0,285.0,169.0,73.0
267.0,183.0,167.0,239.0,117.0,107.0,46.0,114.0,154.0,235.0,348.0,440.0,373.0,888.0,483.0,462.0,738.0,757.0,228.0,656.0,687.0,451.0,1011.0,222.0,551.0,166.0,183.0,71.0,29.0,282.0,72.0,381.0,461.0,670.0,168.0,65.0,143.0,988.0,105.0,124.0,495.0,711.0,976.0,161.0,426.0,138.0,104.0,833.0,402.0,730.0,565.0,90.0,103.0,222.0,505.0,53.0,472.0,246.0,196.0,205.0,379.0,102.0,124.0,113.0,71.0,85.0,525.0,261.0,621.0,671.0,398.0,499.0,408.0,219.0,152.0,1011.0,531.0,428.0,681.0,723.0,1004.0,256.0,113.0,438.0,114.0,84.0,142.0,639.0,847.0,153.0,446.0,137.0,1011.0,473.0,284.0,711.0,481.0,297.0,504.0,542.0
185.0,370.0,235.0,157.0,155.0,393.0,276.0,69.0,98.0,623.0,104.0,93.0,85.0,173.0,727.0,417.0,164.0,225.0,231.0,833.0,433.0,411.0,174.0,216.0,441.0,317.0,318.0,128.0,161.0,392.0,290.0,342.0,153.0,342.0,52.0,46.0,246.0,35.0,69.0,489.0,246.0,324.0,80.0,703.0,191.0,734.0,818.0,385.0,874.0,262.0,352.0,1011.0,682.0,591.0,146.0,1011.0,215.0,187.0,107.0,33.0,735.0,365.0,121.0,232.0,253.0,726.0,587.0,790.0,363.0,139.0,492.0,803.0,132.0,159.0,61.0,37.0,737.0,162.0,483.0,160.0,567.0,1011.0,180.0,103.0,512.0,380.0,320.0,546.0,539.0,171.0,709.0,146.0,316.0,905.0,90.0,719.0,144.0,831.0,270.0,125.0
244.0,96.0,85.0,157.0,398.0,382.0,407.0,456.0,506.0,522.0,487.0,362.0,464.0,362.0,215.0,367.0,208.0,449.0,767.0,426.0,260.0,547.0,1011.0,471.0,162.0,442.0,904.0,442.0,103.0,86.0,85.0,286.0,670.0,320.0,601.0,93.0,948.0,352.0,199.0,494.0,492.0,79.0,100.0,358.0,1011.0,400.0,573.0,94.0,358.0,138.0,194.0,214.0,210.0,49.0,97.0,84.0,76.0,70.0,1011.0,1011.0,116.0,93.0,116.0,259.0,87.0,480.0,63.0,661.0,602.0,879.0,766.0,1011.0,354.0,439.0,146.0,173.0,1011.0,421.0,721.0,184.0,278.0,278.0,359.0,310.0,339.0,207.0,515.0,867.0,834.0,636.0,525.0,778.0,186.0,802.0,123.0,88.0,405.0,971.0,168.0,125.0
257.0,35.0,390.0,121.0,128.0,103.0,75.0,88.0,31.0,470.0,377.0,697.0,174.0,138.0,153.0,35.0,93.0,283.0,471.0,501.0,495.0,199.0,695.0,1011.0,1011.0,419.0,125.0,762.0,394.0,616.0,362.0,536.0,1011.0,124.0,660.0,660.0,141.0,545.0,630.0,312.0,176.0,955.0,93.0,462.0,134.0,513.0,262.0,338.0,506.0,83.0,109.0,942.0,204.0,91.0,114.0,112.0,65.0,419.0,178.0,63.0,69.0,165.0,574.0,105.0,118.0,1011.0,221.0,646.0,480.0,199.0,91.0,588.0,283.0,502.0,1011.0,276.0,163.0,519.0,1011.0,512.0,319.0,58.0,96.0,141.0,53.0,1005.0,245.0,315.0,654.0,1008.0,501.0,106.0,618.0,213.0,855.0,379.0,589.0,369.0,323.0,65.0
140.0,198.0,110.0,102.0,87.0,48.0,225.0,145.0,230.0,172.0,130.0,74.0,528.0,207.0,103.0,103.0,260.0,701.0,416.0,81.0,158.0,181.0,320.0,134.0,84.0,83.0,56.0,21.0,70.0,43.0,40.0,30.0,41.0,42.0,15.0,154.0,127.0,48.0,33.0,39.0,42.0,46.0,23.0,18.0,29.0,44.0,31.0,25.0,25.0,27.0,26.0,15.0,23.0,24.0,21.0,19.0,25.0,47.0,44.0,20.0,16.0,10.0,58.0,37.0,19.0,31.0,33.0,44.0,42.0,31.0,26.0,23.0,40.0,30.0,34.0,33.0,35.0,40.0,12.0,56.0,13.0,41.0,31.0,23.0,20.0,52.0,40.0,43.0,24.0,30.0,37.0,32.0,19.0,31.0,22.0,32.0,37.0,36.0,34.0,29.0
361.0,250.0,229.0,231.0,453.0,239.0,658.0,560.0,94.0,460.0,484.0,884.0,1011.0,1011.0,488.0,413.0,107.0,944.0,127.0,101.0,107.0,98.0,89.0,105.0,115.0,386.0,164.0,339.0,557.0,512.0,235.0,518.0,328.0,716.0,263.0,243.0,1011.0,347.0,286.0,820.0,356.0,326.0,855.0,644.0,432.0,277.0,75.0,589.0,384.0,121.0,67.0,845.0,183.0,476.0,479.0,157.0,83.0,763.0,214.0,97.0,438.0,240.0,171.0,996.0,309.0,801.0,1011.0,159.0,352.0,541.0,720.0,657.0,645.0,211.0,72.0,543.0,660.0,195.0,70.0,72.0,100.0,179.0,394.0,224.0,64.0,135.0,68.0,197.0,101.0,47.0,15.0,365.0,57.0,714.0,562.0,1011.0,75.0,702.0,496.0,594.0
74.0,46.0,100.0,87.0,68.0,123.0,148.0,192.0,101.0,84.0,71.0,92.0,466.0,320.0,366.0,409.0,94.0,708.0,852.0,526.0,193.0,915.0,457.0,393.0,706.0,744.0,279.0,181.0,481.0,396.0,169.0,722.0,301.0,661.0,1011.0,304.0,896.0,408.0,895.0,370.0,278.0,759.0,266.0,1011.0,248.0,396.0,411.0,545.0,656.0,722.0,368.0,667.0,188.0,316.0,994.0,508.0,855.0,425.0,131.0,92.0,911.0,272.0,73.0,56.0,111.0,89.0,80.0,92.0,761.0,474.0,222.0,207.0,64.0,40.0,174.0,115.0,170.0,57.0,82.0,299.0,562.0,575.0,742.0,278.0,131.0,188.0,85.0,1011.0,369.0,570.0,1011.0,584.0,1011.0,614.0,1011.0,1011.0,426.0,299.0,220.0,59.0
164.0,180.0,206.0,200.0,178.0,84.0,92.0,107.0,179.0,383.0,470.0,74.0,579.0,520.0,417.0,943.0,573.0,90.0,134.0,1011.0,356.0,181.0,235.0,108.0,51.0,896.0,308.0,574.0,236.0,478.0,820.0,260.0,600.0,561.0,627.0,1011.0,372.0,656.0,337.0,706.0,692.0,152.0,89.0,698.0,300.0,335.0,102.0,68.0,96.0,36.0,46.0,39.0,55.0,49.0,46.0,42.0,40.0,37.0,26.0,35.0,23.0,32.0,28.0,34.0,26.0,28.0,38.0,23.0,21.0,20.0,29.0,33.0,31.0,17.0,19.0,22.0,24.0,12.0,25.0,28.0,24.0,24.0,19.0,18.0,20.0,18.0,180.0,126.0,232.0,130.0,98.0,110.0,93.0,75.0,58.0,46.0,58.0,39.0,39.0,41.0
192.0,140.0,188.0,106.0,202.0,247.0,264.0,459.0,200.0,104.0,290.0,573.0,319.0,1011.0,232.0,396.0,134.0,99.0,80.0,49.0,36.0,84.0,95.0,94.0,149.0,123.0,64.0,104.0,94.0,84.0,69.0,563.0,462.0,749.0,177.0,725.0,200.0,211.0,397.0,107.0,155.0,344.0,316.0,1011.0,433.0,284.0,843.0,401.0,214.0,1011.0,424.0,196.0,220.0,523.0,245.0,424.0,344.0,91.0,91.0,69.0,161.0,68.0,53.0,51.0,31.0,132.0,30.0,51.0,34.0,48.0,73.0,20.0,26.0,16.0,354.0,891.0,530.0,308.0,1011.0,374.0,391.0,137.0,853.0,662.0,1008.0,280.0,179.0,474.0,1011.0,432.0,483.0,400.0,409.0,474.0,606.0,292.0,541.0,351.0,1011.0,871.0
289.0,206.0,523.0,168.0,269.0,363.0,331.0,141.0,765.0,345.0,152.0,311.0,243.0,312.0,1011.0,663.0,489.0,1011.0,444.0,438.0,369.0,962.0,277.0,105.0,166.0,1011.0,742.0,926.0,216.0,313.0,316.0,502.0,363.0,158.0,128.0,521.0,145.0,77.0,740.0,164.0,310.0,603.0,1011.0,265.0,181.0,286.0,687.0,414.0,1006.0,338.0,144.0,574.0,378.0,1011.0,723.0,1011.0,732.0,213.0,904.0,308.0,439.0,290.0,104.0,604.0,515.0,1011.0,1011.0,297.0,124.0,151.0,602.0,804.0,762.0,625.0,277.0,411.0,353.0,27.0,1011.0,241.0,350.0,476.0,971.0,399.0,431.0,97.0,612.0,800.0,457.0,1009.0,90.0,83.0,269.0,828.0,184.0,264.0,281.0,91.0,95.0,102.0
195.0,194.0,53.0,481.0,157.0,88.0,71.0,64.0,106.0,210.0,367.0,168.0,289.0,859.0,421.0,231.0,211.0,111.0,85.0,68.0,68.0,92.0,101.0,452.0,297.0,75.0,888.0,276.0,253.0,612.0,209.0,446.0,297.0,108.0,1011.0,474.0,497.0,81.0,517.0,1011.0,228.0,541.0,163.0,472.0,509.0,75.0,135.0,394.0,265.0,552.0,121.0,222.0,143.0,62.0,110.0,29.0,1011.0,811.0,108.0,109.0,233.0,119.0,264.0,418.0,320.0,634.0,254.0,587.0,856.0,430.0,294.0,675.0,358.0,729.0,308.0,271.0,219.0,642.0,97.0,86.0,108.0,96.0,99.0,98.0,114.0,199.0,746.0,510.0,575.0,1011.0,590.0,132.0,399.0,606.0,635.0,260.0,193.0,151.0,210.0,545.0
238.0,163.0,269.0,242.0,72.0,380.0,581.0,354.0,743.0,456.0,682.0,811.0,984.0,600.0,549.0,651.0,77.0,69.0,169.0,850.0,261.0,256.0,226.0,1011.0,163.0,867.0,607.0,539.0,162.0,220.0,100.0,544.0,314.0,391.0,610.0,553.0,447.0,141.0,151.0,134.0,31.0,376.0,96.0,322.0,62.0,48.0,50.0,116.0,1011.0,264.0,349.0,334.0,678.0,679.0,376.0,688.0,64.0,478.0,375.0,584.0,419.0,1008.0,268.0,188.0,139.0,113.0,87.0,72.0,52.0,36.0,153.0,263.0,623.0,249.0,335.0,64.0,42.0,48.0,37.0,26.0,93.0,29.0,25.0,118.0,29.0,32.0,34.0,40.0,20.0,38.0,21.0,13.0,20.0,42.0,7.0,7.0,9.0,9.0,8.0,7.0
177.0,294.0,188.0,231.0,487.0,1011.0,138.0,52.0,804.0,728.0,467.0,338.0,388.0,343.0,1011.0,376.0,748.0,95.0,147.0,81.0,76.0,94.0,944.0,781.0,181.0,120.0,297.0,83.0,710.0,438.0,380.0,263.0,332.0,362.0,187.0,108.0,119.0,197.0,497.0,171.0,1011.0,164.0,28.0,389.0,429.0,109.0,325.0,40.0,412.0,476.0,338.0,431.0,560.0,769.0,863.0,523.0,332.0,105.0,778.0,636.0,103.0,76.0,369.0,784.0,448.0,193.0,511.0,427.0,445.0,259.0,423.0,220.0,492.0,179.0,894.0,554.0,440.0,561.0,1011.0,656.0,515.0,847.0,182.0,296.0,578.0,575.0,1011.0,155.0,125.0,1011.0,259.0,744.0,327.0,68.0,922.0,427.0,261.0,645.0,597.0,463.0
191.0,123.0,235.0,186.0,279.0,168.0,28.0,374.0,259.0,354.0,292.0,400.0,835.0,162.0,686.0,138.0,177.0,710.0,534.0,1011.0,312.0,251.0,192.0,576.0,666.0,175.0,225.0,898.0,282.0,131.0,669.0,67.0,303.0,267.0,148.0,200.0,97.0,107.0,174.0,169.0,148.0,93.0,1011.0,101.0,723.0,1011.0,274.0,370.0,566.0,172.0,204.0,44.0,81.0,119.0,191.0,171.0,381.0,277.0,97.0,58.0,51.0,44.0,39.0,102.0,85.0,159.0,226.0,442.0,134.0,195.0,407.0,88.0,684.0,363.0,237.0,76.0,834.0,83.0,708.0,404.0,149.0,348.0,453.0,901.0,1011.0,180.0,374.0,244.0,485.0,162.0,242.0,137.0,191.0,187.0,420.0,237.0,139.0,944.0,739.0,956.0
133.0,189.0,179.0,177.0,242.0,173.0,350.0,274.0,270.0,98.0,457.0,264.0,886.0,289.0,300.0,485.0,193.0,192.0,75.0,39.0,129.0,78.0,174.0,161.0,174.0,111.0,98.0,92.0,73.0,67.0,637.0,628.0,198.0,165.0,38.0,28.0,260.0,1011.0,658.0,569.0,655.0,157.0,782.0,211.0,126.0,99.0,229.0,391.0,872.0,661.0,605.0,642.0,286.0,187.0,232.0,105.0,205.0,145.0,975.0,668.0,225.0,274.0,76.0,131.0,1011.0,250.0,295.0,435.0,101.0,910.0,110.0,597.0,1011.0,317.0,1011.0,400.0,536.0,1011.0,372.0,218.0,93.0,561.0,72.0,283.0,134.0,188.0,938.0,1011.0,663.0,1011.0,464.0,473.0,1011.0,483.0,551.0,374.0,55.0,50.0,45.0,879.0
172.0,412.0,216.0,362.0,109.0,113.0,492.0,304.0,601.0,250.0,364.0,392.0,450.0,839.0,726.0,571.0,455.0,600.0,215.0,424.0,185.0,47.0,42.0,69.0,526.0,148.0,78.0,70.0,765.0,510.0,231.0,248.0,345.0,794.0,488.0,635.0,1011.0,511.0,848.0,288.0,45.0,531.0,414.0,178.0,69.0,71.0,85.0,116.0,69.0,57.0,34.0,38.0,86.0,141.0,40.0,405.0,113.0,69.0,76.0,67.0,116.0,55.0,47.0,41.0,15.0,41.0,44.0,34.0,33.0,40.0,37.0,33.0,36.0,43.0,45.0,35.0,29.0,32.0,22.0,37.0,14.0,11.0,14.0,26.0,14.0,23.0,36.0,18.0,23.0,22.0,18.0,139.0,34.0,39.0,42.0,24.0,18.0,13.0,24.0,26.0
122.0,360.0,198.0,171.0,229.0,122.0,912.0,216.0,151.0,124.0,119.0,84.0,67.0,46.0,69.0,165.0,52.0,80.0,204.0,425.0,391.0,625.0,113.0,141.0,77.0,344.0,483.0,262.0,80.0,846.0,665.0,866.0,533.0,405.0,57.0,134.0,548.0,92.0,720.0,22.0,190.0,261.0,559.0,576.0,1011.0,209.0,234.0,29.0,235.0,71.0,393.0,765.0,773.0,210.0,344.0,90.0,348.0,541.0,788.0,234.0,438.0,147.0,168.0,105.0,1011.0,88.0,89.0,116.0,1011.0,121.0,40.0,1011.0,392.0,494.0,184.0,645.0,843.0,620.0,69.0,120.0,756.0,774.0,816.0,1002.0,726.0,63.0,316.0,654.0,581.0,225.0,127.0,602.0,184.0,267.0,459.0,886.0,346.0,685.0,197.0,227.0
410.0,227.0,241.0,371.0,346.0,340.0,568.0,425.0,137.0,69.0,830.0,459.0,616.0,287.0,194.0,1011.0,178.0,648.0,185.0,71.0,89.0,48.0,152.0,367.0,107.0,75.0,63.0,43.0,20.0,60.0,28.0,29.0,32.0,25.0,25.0,36.0,23.0,24.0,55.0,44.0,24.0,19.0,51.0,39.0,21.0,36.0,43.0,32.0,34.0,23.0,32.0,29.0,30.0,26.0,26.0,35.0,42.0,23.0,23.0,96.0,36.0,26.0,22.0,30.0,30.0,28.0,22.0,19.0,32.0,24.0,19.0,37.0,27.0,34.0,17.0,18.0,22.0,46.0,15.0,16.0,25.0,21.0,20.0,25.0,24.0,19.0,21.0,34.0,16.0,26.0,21.0,17.0,11.0,207.0,28.0,29.0,27.0,30.0,33.0,27.0
98.0,114.0,188.0,149.0,90.0,99.0,166.0,277.0,334.0,376.0,525.0,547.0,211.0,87.0,82.0,128.0,652.0,294.0,138.0,475.0,453.0,600.0,271.0,220.0,527.0,647.0,940.0,638.0,188.0,422.0,157.0,196.0,475.0,216.0,66.0,825.0,207.0,264.0,723.0,125.0,102.0,279.0,913.0,1011.0,498.0,202.0,136.0,69.0,439.0,374.0,663.0,165.0,157.0,683.0,774.0,346.0,716.0,479.0,630.0,1011.0,1011.0,505.0,109.0,101.0,568.0,206.0,563.0,35.0,236.0,403.0,484.0,539.0,508.0,629.0,331.0,1011.0,186.0,83.0,62.0,115.0,214.0,123.0,69.0,544.0,339.0,258.0,1011.0,254.0,301.0,171.0,901.0,649.0,346.0,329.0,23.0,158.0,49.0,1011.0,337.0,521.0
108.0,115.0,79.0,76.0,85.0,132.0,179.0,239.0,186.0,395.0,248.0,562.0,633.0,288.0,725.0,98.0,28.0,440.0,183.0,168.0,57.0,147.0,183.0,105.0,90.0,74.0,71.0,153.0,522.0,128.0,209.0,655.0,961.0,615.0,492.0,368.0,324.0,1011.0,361.0,692.0,397.0,799.0,997.0,720.0,68.0,200.0,280.0,380.0,204.0,392.0,334.0,409.0,819.0,1011.0,369.0,163.0,453.0,78.0,84.0,179.0,165.0,122.0,59.0,46.0,31.0,31.0,30.0,72.0,26.0,17.0,10.0,14.0,10.0,8.0,7.0,7.0,10.0,14.0,10.0,141.0,83.0,76.0,87.0,97.0,1011.0,92.0,175.0,24.0,22.0,368.0,84.0,126.0,837.0,358.0,177.0,77.0,77.0,153.0,108.0,193.0
120.0,90.0,85.0,87.0,136.0,310.0,94.0,97.0,126.0,201.0,311.0,287.0,198.0,85.0,50.0,141.0,248.0,250.0,425.0,334.0,243.0,111.0,536.0,238.0,91.0,72.0,203.0,71.0,49.0,572.0,326.0,270.0,1011.0,117.0,55.0,541.0,605.0,187.0,225.0,430.0,452.0,389.0,84.0,54.0,46.0,90.0,120.0,172.0,166.0,168.0,98.0,170.0,244.0,299.0,55.0,635.0,25.0,834.0,746.0,1011.0,190.0,100.0,550.0,684.0,897.0,83.0,268.0,102.0,95.0,79.0,78.0,44.0,73.0,359.0,150.0,472.0,74.0,71.0,41.0,48.0,42.0,34.0,33.0,13.0,8.0,13.0,18.0,130.0,38.0,96.0,35.0,41.0,50.0,34.0,18.0,18.0,15.0,17.0,29.0,19.0
126.0,214.0,264.0,215.0,200.0,805.0,727.0,255.0,139.0,37.0,82.0,107.0,96.0,892.0,517.0,699.0,575.0,756.0,97.0,685.0,124.0,120.0,559.0,1011.0,296.0,732.0,66.0,125.0,84.0,1011.0,209.0,512.0,511.0,341.0,389.0,1011.0,731.0,696.0,233.0,464.0,128.0,847.0,445.0,429.0,870.0,927.0,452.0,127.0,740.0,652.0,496.0,372.0,566.0,419.0,641.0,342.0,216.0,901.0,271.0,415.0,233.0,108.0,92.0,270.0,771.0,235.0,427.0,1011.0,324.0,90.0,100.0,207.0,76.0,328.0,277.0,75.0,885.0,143.0,136.0,1011.0,630.0,256.0,748.0,478.0,229.0,69.0,613.0,474.0,280.0,46.0,155.0,366.0,265.0,62.0,71.0,61.0,75.0,395.0,99.0,93.0
257.0,191.0,423.0,156.0,146.0,182.0,360.0,123.0,608.0,628.0,140.0,277.0,609.0,326.0,617.0,415.0,92.0,30.0,205.0,94.0,1003.0,414.0,252.0,226.0,230.0,76.0,67.0,132.0,619.0,149.0,234.0,1011.0,1011.0,303.0,312.0,290.0,571.0,585.0,153.0,58.0,398.0,54.0,42.0,266.0,185.0,115.0,95.0,89.0,55.0,924.0,662.0,255.0,269.0,620.0,600.0,756.0,652.0,254.0,1011.0,756.0,72.0,113.0,122.0,450.0,643.0,73.0,548.0,21.0,285.0,402.0,290.0,350.0,1011.0,342.0,377.0,996.0,318.0,238.0,440.0,352.0,1011.0,140.0,136.0,118.0,106.0,706.0,757.0,273.0,82.0,56.0,126.0,692.0,1011.0,1011.0,483.0,115.0,1011.0,298.0,40.0,134.0
249.0,241.0,177.0,350.0,158.0,293.0,108.0,91.0,68.0,67.0,66.0,40.0,40.0,25.0,274.0,131.0,88.0,73.0,89.0,538.0,342.0,89.0,114.0,56.0,48.0,46.0,165.0,113.0,380.0,338.0,441.0,1011.0,195.0,320.0,531.0,287.0,766.0,345.0,121.0,94.0,123.0,45.0,33.0,88.0,47.0,46.0,60.0,35.0,29.0,1011.0,415.0,227.0,71.0,91.0,241.0,351.0,351.0,329.0,92.0,428.0,775.0,199.0,94.0,78.0,256.0,282.0,334.0,162.0,121.0,58.0,37.0,304.0,304.0,163.0,1011.0,781.0,647.0,670.0,490.0,548.0,253.0,344.0,406.0,93.0,43.0,36.0,537.0,521.0,154.0,93.0,65.0,126.0,47.0,41.0,96.0,151.0,76.0,223.0,79.0,55.0
141.0,109.0,108.0,93.0,182.0,146.0,440.0,140.0,81.0,366.0,274.0,686.0,382.0,561.0,377.0,752.0,343.0,456.0,1011.0,392.0,198.0,188.0,396.0,230.0,54.0,254.0,52.0,22.0,47.0,342.0,537.0,94.0,996.0,221.0,378.0,1011.0,343.0,1011.0,1011.0,1011.0,510.0,1011.0,122.0,91.0,747.0,296.0,96.0,260.0,37.0,1011.0,378.0,504.0,432.0,229.0,1011.0,553.0,563.0,159.0,672.0,347.0,872.0,670.0,154.0,309.0,368.0,1011.0,577.0,567.0,275.0,87.0,72.0,51.0,36.0,133.0,37.0,386.0,586.0,76.0,58.0,585.0,856.0,203.0,52.0,46.0,197.0,447.0,954.0,716.0,460.0,530.0,176.0,1004.0,1011.0,446.0,536.0,302.0,190.0,1011.0,607.0,37.0
190.0,181.0,164.0,208.0,269.0,156.0,253.0,236.0,670.0,43.0,740.0,108.0,659.0,509.0,698.0,190.0,346.0,921.0,570.0,1011.0,119.0,347.0,863.0,262.0,88.0,672.0,362.0,1011.0,362.0,430.0,526.0,573.0,1011.0,344.0,487.0,295.0,271.0,89.0,1011.0,504.0,187.0,798.0,194.0,494.0,345.0,164.0,579.0,798.0,364.0,1011.0,302.0,491.0,631.0,326.0,927.0,748.0,134.0,1011.0,697.0,349.0,960.0,991.0,217.0,950.0,537.0,130.0,286.0,733.0,399.0,1011.0,1011.0,353.0,820.0,554.0,1011.0,516.0,903.0,1011.0,91.0,448.0,644.0,176.0,292.0,104.0,647.0,256.0,211.0,468.0,131.0,66.0,124.0,299.0,638.0,724.0,571.0,524.0,1011.0,939.0,1011.0,200.0
98.0,109.0,120.0,86.0,86.0,129.0,83.0,191.0,215.0,195.0,261.0,404.0,145.0,672.0,105.0,774.0,108.0,63.0,993.0,155.0,461.0,590.0,471.0,191.0,690.0,595.0,1011.0,1011.0,287.0,108.0,827.0,652.0,211.0,719.0,112.0,113.0,59.0,152.0,62.0,327.0,81.0,164.0,107.0,174.0,116.0,81.0,58.0,209.0,75.0,447.0,275.0,53.0,262.0,143.0,149.0,10.0,543.0,66.0,121.0,1011.0,278.0,447.0,61.0,589.0,1011.0,418.0,802.0,968.0,372.0,155.0,214.0,607.0,75.0,69.0,1011.0,314.0,701.0,122.0,313.0,167.0,80.0,652.0,439.0,37.0,326.0,276.0,80.0,401.0,194.0,280.0,128.0,88.0,62.0,39.0,102.0,162.0,149.0,176.0,50.0,249.0
89.0,129.0,254.0,132.0,139.0,267.0,149.0,80.0,88.0,56.0,369.0,276.0,202.0,163.0,244.0,105.0,89.0,706.0,246.0,256.0,485.0,340.0,126.0,170.0,111.0,105.0,200.0,197.0,284.0,236.0,390.0,620.0,572.0,666.0,462.0,335.0,100.0,83.0,147.0,210.0,115.0,91.0,228.0,52.0,38.0,363.0,451.0,238.0,506.0,212.0,352.0,393.0,851.0,136.0,591.0,401.0,837.0,455.0,504.0,793.0,381.0,271.0,277.0,490.0,1011.0,616.0,1011.0,630.0,1011.0,824.0,371.0,829.0,86.0,560.0,218.0,260.0,433.0,83.0,52.0,334.0,398.0,158.0,75.0,132.0,90.0,54.0,42.0,46.0,45.0,47.0,41.0,44.0,37.0,42.0,42.0,42.0,33.0,42.0,28.0,36.0
79.0,89.0,127.0,103.0,233.0,337.0,405.0,136.0,293.0,107.0,541.0,109.0,216.0,713.0,163.0,112.0,928.0,191.0,774.0,593.0,62.0,143.0,530.0,86.0,55.0,192.0,58.0,35.0,39.0,25.0,44.0,14.0,14.0,15.0,24.0,15.0,10.0,10.0,7.0,10.0,10.0,12.0,8.0,7.0,83.0,15.0,13.0,26.0,8.0,12.0,11.0,18.0,36.0,19.0,21.0,13.0,21.0,16.0,8.0,8.0,62.0,15.0,57.0,8.0,8.0,12.0,34.0,11.0,13.0,13.0,13.0,21.0,31.0,14.0,13.0,37.0,11.0,63.0,10.0,79.0,18.0,20.0,14.0,19.0,22.0,21.0,19.0,23.0,14.0,14.0,11.0,11.0,13.0,18.0,14.0,14.0,16.0,17.0,15.0,30.0
263.0,181.0,170.0,240.0,309.0,502.0,361.0,429.0,705.0,878.0,563.0,751.0,576.0,96.0,138.0,117.0,159.0,103.0,1011.0,167.0,533.0,479.0,1011.0,137.0,149.0,87.0,62.0,310.0,84.0,82.0,88.0,405.0,398.0,1011.0,321.0,447.0,82.0,261.0,781.0,824.0,162.0,243.0,387.0,1011.0,192.0,89.0,128.0,667.0,1011.0,352.0,626.0,541.0,1011.0,273.0,476.0,1006.0,715.0,435.0,293.0,679.0,474.0,181.0,672.0,543.0,748.0,711.0,196.0,147.0,246.0,247.0,125.0,112.0,86.0,86.0,124.0,298.0,234.0,813.0,695.0,394.0,639.0,826.0,576.0,893.0,464.0,421.0,107.0,324.0,231.0,875.0,192.0,421.0,96.0,382.0,267.0,163.0,70.0,45.0,175.0,132.0
156.0,173.0,122.0,184.0,124.0,178.0,170.0,350.0,331.0,214.0,238.0,286.0,453.0,682.0,352.0,528.0,403.0,763.0,151.0,49.0,44.0,46.0,527.0,392.0,377.0,548.0,746.0,152.0,68.0,61.0,71.0,40.0,28.0,27.0,19.0,19.0,25.0,15.0,23.0,27.0,22.0,30.0,22.0,28.0,666.0,188.0,681.0,295.0,78.0,386.0,520.0,88.0,126.0,1011.0,639.0,260.0,205.0,688.0,282.0,104.0,56.0,174.0,432.0,81.0,935.0,341.0,413.0,774.0,840.0,166.0,71.0,74.0,330.0,99.0,92.0,88.0,64.0,380.0,459.0,581.0,341.0,833.0,1011.0,647.0,703.0,1011.0,126.0,50.0,1011.0,650.0,197.0,171.0,884.0,136.0,377.0,31.0,204.0,642.0,137.0,789.0
139.0,86.0,186.0,128.0,255.0,228.0,246.0,202.0,243.0,245.0,395.0,1011.0,377.0,353.0,570.0,707.0,232.0,215.0,598.0,1011.0,98.0,259.0,245.0,314.0,834.0,235.0,338.0,573.0,681.0,504.0,316.0,612.0,207.0,128.0,531.0,727.0,165.0,55.0,144.0,205.0,676.0,262.0,95.0,1011.0,293.0,262.0,326.0,666.0,162.0,384.0,485.0,909.0,707.0,702.0,1011.0,345.0,477.0,645.0,321.0,671.0,621.0,84.0,30.0,420.0,410.0,335.0,522.0,376.0,539.0,483.0,305.0,187.0,440.0,360.0,412.0,383.0,1011.0,1011.0,492.0,534.0,406.0,923.0,194.0,139.0,134.0,96.0,440.0,373.0,852.0,353.0,603.0,351.0,1011.0,180.0,583.0,558.0,295.0,483.0,145.0,978.0
316.0,210.0,192.0,411.0,499.0,339.0,68.0,124.0,44.0,751.0,283.0,438.0,571.0,330.0,466.0,640.0,847.0,230.0,860.0,410.0,64.0,89.0,128.0,88.0,92.0,830.0,371.0,552.0,480.0,106.0,587.0,543.0,80.0,160.0,381.0,997.0,499.0,161.0,73.0,103.0,436.0,341.0,468.0,278.0,168.0,76.0,99.0,54.0,60.0,302.0,110.0,79.0,444.0,427.0,469.0,380.0,624.0,1011.0,86.0,84.0,79.0,307.0,781.0,850.0,1011.0,206.0,405.0,534.0,243.0,457.0,523.0,267.0,179.0,173.0,706.0,203.0,736.0,104.0,519.0,669.0,1011.0,82.0,484.0,94.0,90.0,274.0,131.0,88.0,164.0,928.0,632.0,388.0,407.0,556.0,815.0,211.0,539.0,85.0,541.0,91.0
194.0,91.0,80.0,103.0,117.0,172.0,264.0,403.0,384.0,309.0,569.0,425.0,619.0,45.0,364.0,591.0,1007.0,204.0,529.0,614.0,1011.0,310.0,597.0,545.0,391.0,1011.0,716.0,575.0,476.0,506.0,889.0,1011.0,26.0,306.0,296.0,92.0,639.0,458.0,494.0,684.0,891.0,236.0,78.0,155.0,322.0,107.0,91.0,78.0,146.0,1011.0,195.0,612.0,537.0,829.0,322.0,50.0,112.0,79.0,66.0,884.0,102.0,1011.0,241.0,1011.0,403.0,273.0,1011.0,681.0,398.0,621.0,422.0,591.0,170.0,609.0,105.0,145.0,81.0,280.0,295.0,85.0,428.0,641.0,232.0,146.0,468.0,597.0,805.0,213.0,491.0,784.0,490.0,955.0,673.0,495.0,1001.0,586.0,1011.0,450.0,106.0,1011.0
204.0,226.0,197.0,397.0,261.0,296.0,220.0,884.0,117.0,598.0,300.0,680.0,659.0,653.0,862.0,427.0,665.0,366.0,688.0,568.0,233.0,451.0,882.0,193.0,584.0,171.0,138.0,105.0,985.0,486.0,894.0,591.0,281.0,89.0,393.0,399.0,422.0,205.0,289.0,159.0,898.0,120.0,64.0,44.0,168.0,420.0,86.0,124.0,54.0,45.0,39.0,34.0,22.0,17.0,22.0,16.0,122.0,42.0,22.0,27.0,326.0,143.0,128.0,937.0,285.0,87.0,63.0,50.0,52.0,267.0,122.0,42.0,28.0,33.0,29.0,22.0,22.0,18.0,18.0,21.0,20.0,20.0,8.0,18.0,8.0,25.0,18.0,24.0,16.0,16.0,8.0,28.0,18.0,27.0,13.0,15.0,16.0,18.0,18.0,8.0
122.0,193.0,163.0,243.0,61.0,170.0,514.0,351.0,26.0,534.0,354.0,644.0,363.0,520.0,718.0,117.0,74.0,187.0,474.0,1008.0,493.0,313.0,1011.0,469.0,444.0,360.0,234.0,136.0,67.0,213.0,312.0,68.0,827.0,171.0,117.0,376.0,769.0,425.0,583.0,347.0,292.0,420.0,537.0,60.0,49.0,86.0,1011.0,1011.0,179.0,495.0,571.0,105.0,130.0,81.0,94.0,117.0,145.0,252.0,213.0,378.0,84.0,77.0,783.0,383.0,573.0,262.0,140.0,35.0,101.0,100.0,112.0,980.0,206.0,391.0,275.0,347.0,236.0,557.0,75.0,774.0,462.0,107.0,103.0,501.0,591.0,710.0,648.0,775.0,368.0,1011.0,341.0,701.0,707.0,511.0,221.0,303.0,845.0,727.0,1011.0,424.0
124.0,129.0,81.0,89.0,99.0,87.0,165.0,163.0,182.0,121.0,86.0,41.0,370.0,348.0,329.0,519.0,337.0,207.0,615.0,921.0,623.0,98.0,99.0,160.0,178.0,407.0,1011.0,187.0,226.0,129.0,184.0,430.0,412.0,393.0,1011.0,569.0,531.0,281.0,80.0,52.0,37.0,218.0,405.0,64.0,166.0,229.0,71.0,68.0,850.0,786.0,279.0,590.0,67.0,128.0,571.0,647.0,44.0,570.0,335.0,431.0,126.0,179.0,245.0,49.0,256.0,441.0,289.0,370.0,70.0,109.0,273.0,400.0,81.0,454.0,359.0,740.0,83.0,358.0,1011.0,345.0,339.0,255.0,78.0,578.0,1011.0,348.0,373.0,351.0,239.0,271.0,1011.0,121.0,126.0,130.0,386.0,590.0,547.0,633.0,448.0,1011.0
161.0,151.0,180.0,180.0,88.0,85.0,387.0,417.0,120.0,594.0,206.0,322.0,108.0,83.0,115.0,298.0,106.0,53.0,118.0,508.0,701.0,542.0,436.0,283.0,164.0,417.0,173.0,301.0,929.0,471.0,150.0,186.0,557.0,505.0,268.0,117.0,1011.0,417.0,62.0,94.0,256.0,304.0,953.0,534.0,413.0,110.0,266.0,127.0,534.0,83.0,85.0,98.0,618.0,210.0,303.0,860.0,363.0,191.0,315.0,193.0,74.0,204.0,40.0,148.0,240.0,81.0,69.0,1011.0,189.0,1011.0,309.0,1011.0,147.0,375.0,1011.0,1011.0,362.0,513.0,221.0,106.0,1011.0,181.0,177.0,875.0,456.0,381.0,163.0,396.0,760.0,836.0,561.0,1011.0,557.0,390.0,365.0,628.0,101.0,785.0,597.0,510.0
223.0,188.0,158.0,105.0,100.0,74.0,317.0,400.0,132.0,209.0,191.0,446.0,553.0,192.0,545.0,303.0,395.0,88.0,625.0,313.0,266.0,160.0,1011.0,414.0,263.0,1011.0,222.0,527.0,408.0,192.0,100.0,679.0,102.0,113.0,210.0,92.0,322.0,678.0,824.0,866.0,479.0,444.0,221.0,365.0,563.0,1011.0,452.0,601.0,823.0,213.0,353.0,62.0,62.0,46.0,32.0,32.0,35.0,24.0,47.0,81.0,69.0,78.0,80.0,87.0,125.0,404.0,804.0,408.0,1011.0,543.0,475.0,449.0,667.0,456.0,182.0,274.0,84.0,64.0,34.0,27.0,30.0,295.0,85.0,118.0,313.0,270.0,347.0,70.0,46.0,532.0,631.0,501.0,596.0,325.0,797.0,338.0,1011.0,401.0,431.0,967.0
162.0,289.0,294.0,270.0,330.0,115.0,192.0,320.0,599.0,89.0,540.0,1011.0,114.0,102.0,94.0,108.0,155.0,48.0,147.0,113.0,89.0,75.0,53.0,79.0,152.0,68.0,338.0,208.0,375.0,936.0,287.0,326.0,106.0,330.0,816.0,948.0,432.0,614.0,921.0,485.0,529.0,233.0,180.0,185.0,265.0,75.0,51.0,38.0,167.0,377.0,403.0,72.0,206.0,283.0,48.0,106.0,35.0,27.0,23.0,72.0,52.0,56.0,7.0,8.0,7.0,7.0,12.0,9.0,7.0,10.0,9.0,7.0,29.0,73.0,24.0,46.0,7.0,7.0,13.0,11.0,48.0,7.0,24.0,23.0,36.0,8.0,7.0,19.0,8.0,7.0,15.0,9.0,17.0,17.0,23.0,464.0,68.0,359.0,990.0,577.0
166.0,270.0,267.0,102.0,116.0,74.0,170.0,382.0,196.0,546.0,402.0,554.0,367.0,226.0,114.0,273.0,463.0,187.0,402.0,406.0,220.0,369.0,351.0,96.0,43.0,106.0,572.0,206.0,252.0,1011.0,427.0,86.0,367.0,566.0,421.0,118.0,513.0,143.0,728.0,1011.0,368.0,1011.0,662.0,1011.0,459.0,93.0,93.0,999.0,142.0,77.0,67.0,302.0,83.0,356.0,885.0,843.0,316.0,178.0,194.0,791.0,198.0,154.0,75.0,100.0,76.0,103.0,328.0,631.0,462.0,291.0,167.0,66.0,54.0,176.0,41.0,29.0,19.0,26.0,35.0,26.0,80.0,49.0,45.0,34.0,28.0,43.0,23.0,16.0,21.0,41.0,34.0,38.0,42.0,31.0,30.0,14.0,26.0,15.0,8.0,18.0
192.0,226.0,621.0,97.0,295.0,109.0,195.0,254.0,349.0,250.0,279.0,271.0,355.0,320.0,725.0,233.0,368.0,677.0,1011.0,384.0,90.0,78.0,1011.0,96.0,802.0,94.0,322.0,788.0,423.0,331.0,262.0,108.0,170.0,140.0,115.0,95.0,115.0,124.0,221.0,80.0,59.0,160.0,789.0,487.0,78.0,75.0,66.0,73.0,81.0,524.0,35.0,79.0,57.0,301.0,402.0,91.0,116.0,182.0,507.0,784.0,665.0,362.0,835.0,802.0,323.0,749.0,157.0,270.0,440.0,102.0,75.0,41.0,166.0,53.0,52.0,48.0,146.0,108.0,66.0,149.0,241.0,168.0,356.0,62.0,180.0,49.0,36.0,31.0,37.0,139.0,55.0,435.0,998.0,200.0,227.0,67.0,1011.0,469.0,431.0,460.0
129.0,213.0,256.0,302.0,243.0,187.0,298.0,152.0,171.0,237.0,445.0,224.0,529.0,175.0,406.0,640.0,141.0,61.0,287.0,174.0,287.0,86.0,65.0,513.0,69.0,125.0,650.0,704.0,191.0,366.0,202.0,719.0,353.0,514.0,770.0,758.0,346.0,505.0,1011.0,278.0,114.0,88.0,494.0,1000.0,115.0,631.0,194.0,544.0,66.0,86.0,689.0,278.0,417.0,991.0,120.0,217.0,409.0,406.0,182.0,1011.0,515.0,834.0,510.0,153.0,62.0,648.0,321.0,129.0,502.0,409.0,613.0,417.0,252.0,480.0,301.0,1011.0,742.0,79.0,307.0,152.0,748.0,1011.0,212.0,431.0,514.0,897.0,1011.0,350.0,581.0,217.0,376.0,923.0,411.0,375.0,250.0,439.0,189.0,191.0,597.0,762.0
238.0,245.0,118.0,253.0,221.0,91.0,105.0,92.0,98.0,89.0,82.0,96.0,340.0,212.0,279.0,315.0,625.0,502.0,446.0,192.0,1011.0,517.0,678.0,893.0,1011.0,269.0,323.0,686.0,105.0,914.0,268.0,477.0,682.0,119.0,1011.0,175.0,127.0,672.0,716.0,351.0,888.0,589.0,788.0,562.0,91.0,1011.0,346.0,338.0,574.0,452.0,292.0,197.0,140.0,919.0,490.0,414.0,289.0,167.0,52.0,487.0,84.0,79.0,92.0,38.0,352.0,1011.0,445.0,107.0,240.0,295.0,86.0,484.0,835.0,749.0,592.0,463.0,129.0,566.0,456.0,80.0,56.0,227.0,355.0,422.0,66.0,50.0,45.0,47.0,38.0,25.0,41.0,33.0,91.0,180.0,34.0,37.0,40.0,34.0,34.0,44.0
196.0,88.0,128.0,115.0,178.0,429.0,270.0,278.0,438.0,277.0,67.0,34.0,114.0,772.0,611.0,690.0,607.0,814.0,189.0,1011.0,462.0,1011.0,298.0,387.0,93.0,732.0,692.0,633.0,48.0,388.0,786.0,230.0,305.0,1011.0,488.0,396.0,922.0,836.0,199.0,906.0,169.0,223.0,868.0,455.0,252.0,104.0,130.0,59.0,104.0,106.0,775.0,168.0,167.0,257.0,70.0,78.0,508.0,125.0,48.0,38.0,39.0,27.0,38.0,32.0,43.0,34.0,571.0,598.0,375.0,324.0,594.0,109.0,285.0,700.0,78.0,58.0,54.0,84.0,215.0,25.0,146.0,265.0,135.0,190.0,127.0,160.0,73.0,156.0,1011.0,185.0,194.0,437.0,239.0,246.0,808.0,723.0,542.0,1011.0,505.0,840.0
253.0,252.0,130.0,248.0,153.0,225.0,190.0,907.0,148.0,118.0,151.0,65.0,122.0,525.0,112.0,91.0,287.0,423.0,266.0,280.0,1011.0,138.0,680.0,853.0,779.0,300.0,780.0,218.0,91.0,96.0,565.0,973.0,249.0,1011.0,204.0,77.0,169.0,411.0,277.0,755.0,1011.0,167.0,803.0,1011.0,672.0,591.0,724.0,283.0,420.0,79.0,115.0,603.0,117.0,228.0,69.0,43.0,284.0,504.0,30.0,646.0,278.0,113.0,105.0,86.0,76.0,74.0,64.0,46.0,42.0,25.0,30.0,158.0,23.0,48.0,20.0,28.0,122.0,57.0,427.0,122.0,113.0,74.0,71.0,57.0,181.0,939.0,369.0,349.0,507.0,59.0,32.0,241.0,856.0,68.0,37.0,37.0,93.0,179.0,157.0,1011.0
199.0,186.0,210.0,236.0,288.0,349.0,146.0,161.0,306.0,333.0,921.0,129.0,67.0,48.0,41.0,28.0,270.0,118.0,191.0,152.0,184.0,249.0,79.0,58.0,93.0,58.0,44.0,48.0,34.0,41.0,36.0,26.0,37.0,13.0,32.0,39.0,25.0,42.0,34.0,29.0,32.0,42.0,26.0,29.0,19.0,23.0,27.0,27.0,20.0,28.0,24.0,43.0,14.0,12.0,33.0,34.0,26.0,30.0,22.0,25.0,24.0,29.0,13.0,18.0,24.0,24.0,28.0,34.0,26.0,20.0,28.0,20.0,27.0,22.0,19.0,19.0,25.0,25.0,16.0,24.0,24.0,23.0,21.0,20.0,24.0,18.0,21.0,26.0,18.0,22.0,22.0,17.0,22.0,32.0,23.0,24.0,26.0,28.0,20.0,11.0
243.0,88.0,115.0,164.0,225.0,178.0,379.0,319.0,71.0,483.0,187.0,156.0,435.0,191.0,383.0,584.0,259.0,880.0,108.0,935.0,402.0,567.0,541.0,1011.0,216.0,575.0,323.0,477.0,280.0,296.0,759.0,843.0,856.0,786.0,561.0,278.0,586.0,820.0,320.0,299.0,398.0,197.0,499.0,215.0,123.0,657.0,278.0,840.0,830.0,1011.0,636.0,237.0,1011.0,482.0,1011.0,829.0,924.0,462.0,786.0,443.0,389.0,364.0,406.0,462.0,457.0,316.0,140.0,85.0,685.0,1011.0,896.0,595.0,1011.0,444.0,266.0,430.0,899.0,377.0,117.0,1011.0,278.0,105.0,1011.0,459.0,863.0,774.0,747.0,626.0,140.0,163.0,603.0,239.0,212.0,119.0,113.0,109.0,70.0,68.0,51.0,187.0
197.0,189.0,306.0,221.0,151.0,261.0,183.0,407.0,682.0,185.0,582.0,450.0,158.0,118.0,479.0,70.0,59.0,734.0,158.0,427.0,221.0,120.0,446.0,245.0,236.0,325.0,880.0,849.0,530.0,148.0,97.0,300.0,114.0,44.0,494.0,757.0,655.0,532.0,47.0,38.0,120.0,89.0,105.0,94.0,110.0,127.0,937.0,1011.0,149.0,552.0,230.0,693.0,590.0,361.0,75.0,496.0,766.0,517.0,1011.0,239.0,823.0,357.0,387.0,607.0,1004.0,112.0,314.0,448.0,502.0,214.0,229.0,64.0,429.0,98.0,95.0,62.0,1011.0,357.0,380.0,653.0,93.0,681.0,382.0,673.0,155.0,296.0,324.0,207.0,1011.0,132.0,925.0,125.0,885.0,123.0,506.0,105.0,102.0,347.0,224.0,82.0
185.0,269.0,302.0,326.0,215.0,382.0,223.0,311.0,420.0,565.0,646.0,199.0,444.0,240.0,769.0,212.0,395.0,196.0,190.0,202.0,239.0,232.0,100.0,567.0,398.0,618.0,92.0,55.0,138.0,146.0,84.0,76.0,174.0,178.0,545.0,590.0,578.0,164.0,389.0,336.0,669.0,394.0,122.0,372.0,381.0,453.0,212.0,173.0,34.0,73.0,76.0,78.0,133.0,767.0,78.0,63.0,251.0,182.0,871.0,249.0,665.0,569.0,106.0,998.0,233.0,424.0,105.0,1011.0,316.0,108.0,102.0,693.0,597.0,1011.0,142.0,1011.0,292.0,1011.0,106.0,427.0,296.0,97.0,80.0,118.0,774.0,567.0,416.0,98.0,734.0,90.0,241.0,384.0,512.0,264.0,731.0,686.0,276.0,350.0,720.0,520.0
214.0,127.0,209.0,208.0,568.0,246.0,226.0,39.0,50.0,148.0,288.0,280.0,163.0,210.0,140.0,98.0,88.0,115.0,252.0,103.0,175.0,408.0,281.0,613.0,193.0,95.0,112.0,186.0,171.0,202.0,764.0,60.0,967.0,688.0,91.0,484.0,811.0,290.0,106.0,748.0,359.0,335.0,1011.0,537.0,355.0,1011.0,263.0,206.0,467.0,144.0,578.0,1011.0,115.0,257.0,988.0,632.0,810.0,1011.0,1011.0,447.0,82.0,422.0,553.0,532.0,175.0,1011.0,270.0,751.0,406.0,179.0,658.0,701.0,376.0,124.0,59.0,579.0,914.0,469.0,651.0,115.0,1011.0,257.0,112.0,627.0,657.0,353.0,164.0,911.0,466.0,701.0,102.0,480.0,858.0,438.0,317.0,472.0,1011.0,279.0,467.0,1011.0
232.0,365.0,345.0,164.0,301.0,371.0,587.0,495.0,175.0,293.0,1011.0,198.0,559.0,58.0,396.0,74.0,20.0,297.0,100.0,123.0,110.0,219.0,338.0,176.0,161.0,66.0,151.0,250.0,95.0,67.0,245.0,57.0,40.0,28.0,58.0,40.0,38.0,30.0,34.0,43.0,48.0,48.0,39.0,52.0,38.0,34.0,38.0,39.0,41.0,30.0,48.0,43.0,33.0,28.0,22.0,30.0,38.0,22.0,128.0,21.0,167.0,40.0,50.0,138.0,198.0,129.0,209.0,63.0,53.0,42.0,9.0,69.0,595.0,176.0,57.0,37.0,40.0,58.0,30.0,28.0,20.0,20.0,35.0,7.0,9.0,12.0,7.0,7.0,9.0,8.0,7.0,7.0,11.0,7.0,7.0,10.0,7.0,8.0,11.0,13.0
183.0,217.0,275.0,106.0,84.0,85.0,77.0,99.0,89.0,102.0,482.0,350.0,315.0,413.0,277.0,118.0,334.0,95.0,370.0,86.0,30.0,142.0,114.0,80.0,109.0,108.0,563.0,494.0,570.0,424.0,474.0,1011.0,629.0,586.0,449.0,349.0,212.0,72.0,59.0,45.0,27.0,169.0,211.0,262.0,416.0,90.0,80.0,67.0,42.0,122.0,99.0,161.0,392.0,424.0,63.0,460.0,102.0,701.0,167.0,97.0,86.0,72.0,42.0,583.0,473.0,532.0,1011.0,478.0,179.0,734.0,51.0,90.0,71.0,141.0,659.0,46.0,111.0,441.0,593.0,591.0,524.0,827.0,903.0,175.0,525.0,1011.0,489.0,96.0,93.0,279.0,211.0,269.0,119.0,280.0,904.0,140.0,412.0,109.0,60.0,50.0
215.0,196.0,393.0,130.0,231.0,459.0,426.0,589.0,221.0,160.0,84.0,45.0,31.0,33.0,24.0,22.0,39.0,32.0,242.0,464.0,44.0,643.0,112.0,815.0,662.0,618.0,373.0,1011.0,439.0,105.0,298.0,135.0,108.0,805.0,746.0,238.0,66.0,58.0,50.0,72.0,125.0,116.0,208.0,76.0,70.0,111.0,46.0,122.0,368.0,434.0,68.0,1011.0,441.0,79.0,593.0,891.0,981.0,544.0,1011.0,368.0,1011.0,318.0,596.0,252.0,601.0,317.0,41.0,104.0,150.0,134.0,475.0,624.0,394.0,783.0,254.0,168.0,994.0,90.0,263.0,320.0,753.0,514.0,563.0,104.0,490.0,851.0,178.0,926.0,187.0,217.0,98.0,1011.0,357.0,558.0,416.0,177.0,413.0,86.0,902.0,811.0
185.0,96.0,107.0,133.0,192.0,328.0,123.0,584.0,330.0,477.0,168.0,115.0,771.0,405.0,911.0,725.0,296.0,90.0,585.0,730.0,1011.0,571.0,49.0,270.0,1011.0,273.0,90.0,173.0,130.0,605.0,343.0,161.0,229.0,100.0,75.0,45.0,594.0,132.0,247.0,267.0,62.0,489.0,110.0,679.0,180.0,683.0,67.0,782.0,85.0,676.0,637.0,630.0,765.0,1011.0,208.0,171.0,366.0,291.0,1011.0,426.0,559.0,99.0,216.0,269.0,1011.0,114.0,83.0,85.0,105.0,591.0,227.0,595.0,114.0,60.0,91.0,91.0,74.0,78.0,108.0,383.0,299.0,241.0,75.0,63.0,183.0,1011.0,740.0,817.0,416.0,167.0,1011.0,527.0,399.0,556.0,594.0,850.0,486.0,129.0,120.0,372.0
202.0,118.0,248.0,208.0,251.0,478.0,392.0,192.0,134.0,73.0,552.0,82.0,67.0,829.0,154.0,241.0,331.0,857.0,319.0,400.0,451.0,471.0,810.0,493.0,870.0,429.0,108.0,815.0,199.0,436.0,569.0,47.0,122.0,430.0,94.0,26.0,175.0,267.0,85.0,117.0,1011.0,1011.0,70.0,249.0,651.0,926.0,705.0,481.0,907.0,224.0,756.0,76.0,563.0,167.0,620.0,783.0,865.0,1011.0,133.0,261.0,1011.0,654.0,249.0,405.0,454.0,278.0,513.0,480.0,482.0,881.0,401.0,755.0,122.0,698.0,139.0,98.0,499.0,116.0,1001.0,231.0,581.0,504.0,405.0,598.0,131.0,103.0,74.0,704.0,374.0,618.0,171.0,795.0,900.0,1011.0,575.0,714.0,505.0,54.0,213.0,208.0
333.0,253.0,118.0,251.0,124.0,258.0,507.0,105.0,39.0,92.0,467.0,22.0,41.0,8.0,147.0,125.0,661.0,281.0,312.0,331.0,47.0,401.0,627.0,535.0,806.0,600.0,1011.0,639.0,369.0,321.0,39.0,1011.0,590.0,1011.0,309.0,1011.0,872.0,729.0,114.0,128.0,648.0,93.0,239.0,98.0,77.0,183.0,586.0,302.0,73.0,154.0,740.0,918.0,518.0,898.0,379.0,441.0,320.0,242.0,54.0,228.0,105.0,1011.0,417.0,198.0,529.0,777.0,170.0,147.0,223.0,1011.0,208.0,370.0,100.0,172.0,98.0,270.0,264.0,90.0,1011.0,415.0,204.0,90.0,100.0,51.0,38.0,20.0,67.0,25.0,30.0,15.0,227.0,218.0,285.0,115.0,91.0,96.0,77.0,185.0,626.0,456.0
463.0,195.0,271.0,355.0,185.0,271.0,270.0,155.0,96.0,161.0,99.0,151.0,275.0,529.0,215.0,124.0,53.0,50.0,29.0,23.0,199.0,103.0,64.0,65.0,149.0,278.0,153.0,302.0,155.0,77.0,110.0,64.0,469.0,552.0,283.0,735.0,165.0,87.0,690.0,266.0,278.0,1011.0,752.0,347.0,446.0,728.0,162.0,211.0,849.0,508.0,117.0,802.0,198.0,224.0,312.0,652.0,174.0,749.0,534.0,667.0,793.0,864.0,481.0,357.0,461.0,430.0,710.0,183.0,205.0,519.0,122.0,94.0,122.0,115.0,49.0,48.0,42.0,47.0,32.0,24.0,74.0,31.0,38.0,28.0,21.0,17.0,20.0,47.0,35.0,16.0,14.0,26.0,35.0,19.0,20.0,8.0,23.0,41.0,15.0,15.0
168.0,164.0,168.0,179.0,150.0,338.0,330.0,351.0,178.0,692.0,108.0,1011.0,187.0,135.0,96.0,92.0,244.0,150.0,842.0,783.0,293.0,366.0,331.0,100.0,344.0,148.0,190.0,269.0,224.0,369.0,368.0,585.0,1011.0,455.0,166.0,647.0,674.0,697.0,858.0,75.0,188.0,217.0,125.0,117.0,632.0,783.0,152.0,95.0,80.0,81.0,152.0,99.0,133.0,437.0,1011.0,1011.0,385.0,414.0,586.0,253.0,70.0,131.0,711.0,647.0,832.0,635.0,78.0,692.0,896.0,400.0,798.0,1011.0,213.0,119.0,920.0,412.0,173.0,339.0,97.0,40.0,865.0,162.0,242.0,565.0,422.0,176.0,493.0,829.0,633.0,858.0,542.0,516.0,1011.0,694.0,963.0,586.0,654.0,81.0,1011.0,653.0
125.0,264.0,378.0,98.0,104.0,167.0,473.0,59.0,158.0,18.0,119.0,68.0,81.0,432.0,376.0,303.0,72.0,142.0,519.0,448.0,83.0,161.0,87.0,299.0,258.0,71.0,570.0,289.0,707.0,462.0,786.0,484.0,368.0,588.0,749.0,189.0,44.0,124.0,990.0,226.0,536.0,564.0,1011.0,391.0,623.0,1011.0,132.0,183.0,148.0,197.0,84.0,86.0,272.0,335.0,190.0,792.0,1011.0,205.0,726.0,881.0,115.0,533.0,301.0,267.0,105.0,927.0,243.0,409.0,1011.0,345.0,499.0,457.0,621.0,262.0,155.0,665.0,339.0,805.0,102.0,86.0,84.0,658.0,314.0,805.0,698.0,526.0,730.0,824.0,265.0,780.0,1011.0,362.0,803.0,570.0,89.0,101.0,755.0,1011.0,373.0,271.0
212.0,227.0,213.0,220.0,327.0,385.0,43.0,53.0,47.0,48.0,149.0,173.0,103.0,73.0,66.0,79.0,68.0,60.0,72.0,51.0,45.0,58.0,52.0,54.0,46.0,45.0,44.0,57.0,35.0,819.0,284.0,110.0,156.0,159.0,99.0,230.0,39.0,26.0,22.0,22.0,39.0,32.0,30.0,58.0,39.0,37.0,25.0,23.0,14.0,24.0,24.0,7.0,26.0,7.0,9.0,8.0,9.0,11.0,7.0,21.0,16.0,10.0,7.0,10.0,7.0,47.0,22.0,26.0,12.0,11.0,20.0,7.0,10.0,9.0,7.0,7.0,8.0,8.0,10.0,8.0,25.0,7.0,20.0,29.0,7.0,31.0,19.0,9.0,18.0,9.0,7.0,7.0,7.0,8.0,7.0,9.0,11.0,11.0,67.0,8.0
189.0,131.0,67.0,172.0,394.0,180.0,291.0,500.0,278.0,112.0,285.0,368.0,85.0,101.0,225.0,125.0,115.0,602.0,532.0,115.0,885.0,1007.0,187.0,684.0,1011.0,328.0,84.0,353.0,398.0,417.0,574.0,309.0,285.0,258.0,90.0,709.0,565.0,712.0,709.0,230.0,608.0,271.0,130.0,233.0,454.0,447.0,1011.0,405.0,180.0,114.0,554.0,434.0,1011.0,876.0,1011.0,249.0,375.0,1011.0,422.0,401.0,218.0,804.0,1011.0,711.0,567.0,620.0,273.0,740.0,411.0,79.0,94.0,94.0,142.0,694.0,142.0,104.0,97.0,95.0,350.0,235.0,619.0,430.0,233.0,457.0,996.0,482.0,369.0,595.0,152.0,115.0,43.0,873.0,503.0,1011.0,122.0,755.0,25.0,84.0,82.0,882.0
207.0,263.0,240.0,191.0,315.0,775.0,461.0,193.0,445.0,364.0,284.0,240.0,149.0,497.0,86.0,62.0,99.0,458.0,534.0,703.0,298.0,170.0,381.0,697.0,589.0,467.0,1008.0,826.0,294.0,90.0,59.0,134.0,322.0,167.0,1011.0,455.0,163.0,143.0,321.0,167.0,1011.0,378.0,327.0,881.0,775.0,110.0,114.0,100.0,82.0,97.0,94.0,126.0,299.0,414.0,404.0,215.0,683.0,115.0,567.0,160.0,124.0,1011.0,126.0,1011.0,50.0,309.0,522.0,512.0,1011.0,826.0,172.0,92.0,669.0,53.0,60.0,57.0,57.0,83.0,180.0,70.0,143.0,116.0,385.0,770.0,915.0,1011.0,1011.0,806.0,335.0,560.0,59.0,721.0,553.0,244.0,488.0,99.0,89.0,72.0,811.0,279.0
117.0,208.0,115.0,136.0,96.0,86.0,117.0,222.0,454.0,454.0,366.0,366.0,172.0,791.0,202.0,158.0,587.0,392.0,487.0,790.0,98.0,267.0,154.0,263.0,229.0,107.0,92.0,1011.0,101.0,1011.0,159.0,124.0,26.0,554.0,198.0,109.0,134.0,127.0,83.0,53.0,55.0,80.0,65.0,57.0,50.0,39.0,31.0,29.0,33.0,22.0,28.0,33.0,17.0,38.0,44.0,22.0,107.0,13.0,16.0,14.0,10.0,21.0,13.0,7.0,21.0,25.0,17.0,23.0,25.0,13.0,21.0,11.0,14.0,18.0,8.0,672.0,296.0,292.0,229.0,884.0,202.0,888.0,346.0,648.0,79.0,607.0,994.0,117.0,305.0,318.0,927.0,689.0,405.0,265.0,769.0,761.0,456.0,115.0,74.0,453.0
197.0,371.0,339.0,250.0,206.0,275.0,293.0,308.0,408.0,507.0,54.0,437.0,562.0,395.0,598.0,663.0,148.0,126.0,181.0,486.0,361.0,932.0,176.0,294.0,636.0,132.0,108.0,797.0,423.0,379.0,341.0,507.0,527.0,620.0,487.0,1005.0,220.0,400.0,182.0,195.0,253.0,71.0,71.0,76.0,44.0,175.0,391.0,328.0,100.0,104.0,64.0,111.0,24.0,77.0,60.0,29.0,39.0,37.0,35.0,20.0,31.0,19.0,22.0,14.0,14.0,8.0,7.0,21.0,17.0,158.0,13.0,450.0,53.0,56.0,50.0,41.0,35.0,33.0,30.0,23.0,26.0,30.0,24.0,301.0,153.0,157.0,98.0,72.0,71.0,225.0,62.0,46.0,44.0,49.0,45.0,53.0,26.0,36.0,45.0,29.0
267.0,280.0,325.0,680.0,175.0,245.0,420.0,552.0,614.0,1011.0,429.0,107.0,73.0,82.0,55.0,74.0,886.0,148.0,701.0,645.0,269.0,853.0,842.0,564.0,309.0,394.0,1011.0,808.0,628.0,212.0,601.0,705.0,225.0,547.0,560.0,962.0,52.0,518.0,255.0,85.0,164.0,65.0,99.0,38.0,91.0,149.0,390.0,225.0,448.0,612.0,152.0,82.0,49.0,39.0,23.0,260.0,139.0,168.0,30.0,168.0,422.0,112.0,491.0,60.0,127.0,41.0,16.0,499.0,552.0,435.0,607.0,463.0,761.0,107.0,1011.0,153.0,397.0,78.0,1011.0,200.0,143.0,952.0,826.0,305.0,722.0,662.0,177.0,69.0,130.0,263.0,138.0,1011.0,517.0,472.0,668.0,313.0,561.0,246.0,206.0,94.0
214.0,138.0,237.0,168.0,284.0,268.0,315.0,684.0,784.0,131.0,618.0,201.0,166.0,89.0,372.0,1011.0,101.0,95.0,279.0,444.0,1011.0,224.0,216.0,328.0,394.0,267.0,609.0,85.0,93.0,318.0,785.0,1011.0,302.0,492.0,678.0,556.0,779.0,250.0,437.0,96.0,111.0,289.0,118.0,455.0,282.0,343.0,60.0,180.0,71.0,601.0,433.0,265.0,170.0,418.0,209.0,443.0,277.0,1011.0,752.0,100.0,627.0,378.0,695.0,590.0,441.0,681.0,762.0,464.0,322.0,263.0,522.0,1011.0,196.0,1011.0,508.0,1011.0,494.0,410.0,790.0,1011.0,1011.0,764.0,751.0,729.0,405.0,1011.0,706.0,467.0,522.0,1011.0,312.0,424.0,236.0,986.0,1011.0,420.0,540.0,587.0,554.0,442.0
94.0,79.0,78.0,113.0,196.0,215.0,217.0,263.0,270.0,251.0,441.0,599.0,96.0,556.0,1011.0,999.0,701.0,36.0,1011.0,203.0,683.0,78.0,1011.0,503.0,1011.0,254.0,165.0,248.0,1011.0,23.0,391.0,697.0,149.0,253.0,160.0,363.0,75.0,356.0,562.0,120.0,108.0,279.0,496.0,277.0,76.0,51.0,509.0,242.0,130.0,253.0,187.0,337.0,321.0,242.0,184.0,857.0,906.0,496.0,664.0,328.0,289.0,1011.0,435.0,467.0,289.0,551.0,96.0,702.0,641.0,149.0,277.0,275.0,448.0,960.0,344.0,264.0,507.0,103.0,301.0,193.0,671.0,676.0,1011.0,468.0,207.0,855.0,151.0,428.0,252.0,454.0,720.0,161.0,182.0,49.0,634.0,94.0,116.0,465.0,289.0,79.0
87.0,80.0,96.0,94.0,81.0,105.0,139.0,210.0,312.0,168.0,124.0,713.0,421.0,179.0,181.0,413.0,457.0,119.0,98.0,94.0,392.0,490.0,206.0,1011.0,74.0,286.0,74.0,78.0,625.0,337.0,265.0,310.0,164.0,393.0,80.0,545.0,334.0,391.0,96.0,643.0,682.0,424.0,171.0,79.0,990.0,562.0,177.0,988.0,128.0,104.0,93.0,40.0,139.0,166.0,229.0,87.0,378.0,230.0,59.0,50.0,56.0,49.0,33.0,19.0,16.0,16.0,21.0,22.0,11.0,8.0,14.0,10.0,11.0,10.0,11.0,8.0,8.0,24.0,21.0,148.0,181.0,165.0,942.0,239.0,57.0,1011.0,364.0,909.0,95.0,375.0,1011.0,375.0,1011.0,329.0,257.0,742.0,566.0,680.0,1011.0,710.0
74.0,67.0,65.0,85.0,65.0,112.0,95.0,228.0,288.0,204.0,103.0,265.0,133.0,96.0,92.0,83.0,350.0,72.0,124.0,84.0,81.0,636.0,595.0,331.0,119.0,550.0,534.0,652.0,818.0,590.0,813.0,166.0,432.0,332.0,135.0,233.0,872.0,85.0,452.0,115.0,1011.0,1011.0,287.0,794.0,113.0,145.0,78.0,101.0,133.0,86.0,1011.0,768.0,927.0,663.0,636.0,554.0,1011.0,493.0,719.0,123.0,110.0,565.0,99.0,93.0,91.0,120.0,264.0,86.0,595.0,272.0,817.0,344.0,711.0,744.0,111.0,170.0,852.0,80.0,88.0,94.0,87.0,1011.0,773.0,94.0,690.0,598.0,124.0,173.0,66.0,659.0,930.0,299.0,694.0,120.0,739.0,468.0,412.0,108.0,1011.0,186.0
103.0,106.0,115.0,133.0,96.0,126.0,155.0,252.0,350.0,187.0,171.0,370.0,342.0,236.0,185.0,290.0,289.0,182.0,669.0,438.0,413.0,484.0,195.0,835.0,737.0,259.0,883.0,246.0,209.0,106.0,588.0,274.0,126.0,571.0,602.0,1011.0,539.0,589.0,242.0,202.0,296.0,107.0,1011.0,267.0,342.0,535.0,932.0,419.0,982.0,1011.0,1011.0,642.0,370.0,270.0,585.0,259.0,323.0,59.0,56.0,150.0,52.0,43.0,37.0,37.0,34.0,50.0,36.0,51.0,39.0,15.0,29.0,143.0,599.0,375.0,679.0,404.0,77.0,247.0,438.0,521.0,493.0,94.0,1011.0,248.0,1009.0,283.0,591.0,267.0,265.0,1011.0,218.0,809.0,194.0,458.0,601.0,268.0,473.0,201.0,904.0,137.0
127.0,137.0,92.0,125.0,75.0,150.0,172.0,576.0,351.0,427.0,84.0,54.0,385.0,205.0,162.0,428.0,123.0,422.0,461.0,477.0,213.0,42.0,812.0,900.0,488.0,186.0,1009.0,389.0,428.0,437.0,139.0,194.0,960.0,357.0,1011.0,517.0,934.0,350.0,186.0,1011.0,789.0,601.0,195.0,233.0,277.0,630.0,120.0,402.0,761.0,409.0,473.0,430.0,460.0,204.0,159.0,237.0,1011.0,106.0,85.0,234.0,756.0,71.0,75.0,33.0,1011.0,207.0,456.0,375.0,107.0,52.0,130.0,307.0,1011.0,735.0,753.0,93.0,1011.0,333.0,676.0,739.0,111.0,906.0,529.0,753.0,210.0,426.0,321.0,53.0,898.0,417.0,637.0,368.0,1011.0,395.0,231.0,1011.0,674.0,175.0,158.0,391.0
186.0,296.0,118.0,116.0,217.0,238.0,315.0,236.0,180.0,163.0,695.0,350.0,658.0,438.0,378.0,228.0,318.0,258.0,866.0,826.0,146.0,118.0,111.0,1011.0,124.0,235.0,108.0,1011.0,285.0,467.0,304.0,357.0,154.0,100.0,95.0,274.0,362.0,81.0,70.0,47.0,1011.0,339.0,466.0,687.0,561.0,921.0,1009.0,267.0,567.0,84.0,26.0,261.0,93.0,90.0,761.0,337.0,128.0,150.0,126.0,488.0,481.0,114.0,253.0,75.0,233.0,198.0,381.0,1011.0,1011.0,460.0,312.0,1011.0,221.0,455.0,62.0,123.0,99.0,96.0,941.0,681.0,830.0,684.0,564.0,531.0,877.0,90.0,133.0,151.0,1011.0,95.0,326.0,240.0,400.0,895.0,622.0,111.0,91.0,873.0,213.0,275.0
246.0,115.0,139.0,103.0,228.0,243.0,48.0,27.0,149.0,239.0,269.0,35.0,350.0,224.0,539.0,144.0,563.0,680.0,620.0,157.0,426.0,919.0,721.0,1011.0,460.0,357.0,135.0,628.0,141.0,149.0,175.0,233.0,449.0,838.0,284.0,257.0,849.0,202.0,151.0,591.0,317.0,685.0,197.0,270.0,146.0,169.0,217.0,267.0,117.0,106.0,59.0,54.0,46.0,45.0,32.0,51.0,24.0,69.0,50.0,111.0,228.0,128.0,170.0,213.0,62.0,103.0,738.0,360.0,192.0,583.0,380.0,899.0,176.0,164.0,76.0,649.0,310.0,73.0,657.0,540.0,236.0,461.0,474.0,439.0,731.0,1011.0,116.0,580.0,908.0,516.0,615.0,276.0,394.0,101.0,187.0,142.0,153.0,117.0,95.0,66.0
228.0,287.0,311.0,311.0,279.0,564.0,285.0,956.0,804.0,544.0,686.0,1011.0,398.0,470.0,289.0,864.0,513.0,1011.0,546.0,541.0,235.0,652.0,996.0,126.0,96.0,125.0,94.0,95.0,189.0,263.0,281.0,181.0,18.0,920.0,731.0,875.0,821.0,389.0,468.0,693.0,396.0,219.0,166.0,543.0,181.0,107.0,66.0,112.0,115.0,158.0,43.0,359.0,95.0,55.0,873.0,131.0,577.0,426.0,176.0,394.0,346.0,1011.0,942.0,205.0,126.0,388.0,788.0,310.0,531.0,544.0,954.0,516.0,475.0,78.0,152.0,880.0,419.0,203.0,440.0,857.0,351.0,96.0,69.0,82.0,267.0,93.0,80.0,97.0,61.0,156.0,90.0,244.0,440.0,163.0,65.0,41.0,170.0,127.0,98.0,346.0
152.0,245.0,196.0,265.0,275.0,168.0,182.0,349.0,144.0,280.0,86.0,102.0,110.0,90.0,85.0,81.0,75.0,282.0,303.0,429.0,20.0,747.0,337.0,375.0,360.0,104.0,1011.0,729.0,93.0,454.0,140.0,1011.0,551.0,213.0,94.0,39.0,245.0,31.0,321.0,283.0,97.0,247.0,481.0,395.0,460.0,637.0,821.0,1011.0,716.0,676.0,478.0,919.0,984.0,209.0,282.0,644.0,410.0,371.0,416.0,933.0,190.0,162.0,139.0,702.0,261.0,170.0,285.0,80.0,644.0,163.0,1011.0,273.0,1011.0,168.0,269.0,545.0,49.0,307.0,1011.0,232.0,853.0,87.0,899.0,906.0,554.0,751.0,612.0,812.0,1011.0,384.0,835.0,260.0,294.0,359.0,250.0,239.0,1011.0,486.0,413.0,105.0
69.0,75.0,72.0,91.0,49.0,201.0,200.0,218.0,297.0,306.0,174.0,364.0,201.0,191.0,306.0,78.0,62.0,51.0,151.0,100.0,83.0,73.0,205.0,58.0,25.0,117.0,578.0,230.0,61.0,526.0,187.0,479.0,1011.0,789.0,182.0,375.0,355.0,707.0,665.0,396.0,763.0,780.0,1011.0,456.0,1011.0,379.0,880.0,177.0,120.0,132.0,248.0,377.0,488.0,429.0,1011.0,257.0,119.0,210.0,248.0,230.0,943.0,332.0,189.0,512.0,478.0,79.0,934.0,680.0,1011.0,577.0,455.0,140.0,262.0,109.0,76.0,78.0,247.0,603.0,654.0,74.0,576.0,592.0,667.0,629.0,1011.0,308.0,350.0,992.0,460.0,119.0,99.0,60.0,136.0,57.0,61.0,160.0,19.0,404.0,217.0,466.0
