186.0,106.0,88.0,122.0,147.0,157.0,112.0,108.0,276.0,163.0,1011.0,1011.0,1011.0,1011.0,1011.0,1011.0,1011.0,1011.0,1011.0,1011.0,1011.0,1011.0,1011.0,1011.0,1011.0,1011.0,1011.0,411.0,148.0,827.0,87.0,49.0,138.0,672.0,107.0,20.0,198.0,209.0,15.0,537.0,1011.0,1011.0,1011.0,1011.0,1011.0,1011.0,1011.0,1011.0,1011.0,1011.0,1011.0,1011.0,1011.0,1011.0,1011.0,1011.0,1011.0,1011.0,1011.0,1011.0,1011.0,1011.0,1011.0,1011.0,1011.0,1011.0,1011.0,1011.0,701.0,1011.0,1011.0,1011.0,1011.0,1011.0,1011.0,1011.0,1011.0,1011.0,1011.0,1011.0,811.0,161.0,1011.0,1011.0,1011.0,1011.0,1011.0,1011.0,1011.0,1011.0,1011.0,1011.0,1011.0,1011.0,1011.0,1011.0,1011.0,1011.0,327.0,1011.0
125.0,120.0,246.0,200.0,175.0,264.0,238.0,469.0,401.0,578.0,510.0,1011.0,1001.0,1011.0,1011.0,1011.0,923.0,1011.0,1011.0,1011.0,1011.0,1011.0,1011.0,1011.0,1011.0,1011.0,1011.0,1011.0,1011.0,1011.0,1011.0,1011.0,438.0,145.0,1011.0,1011.0,1011.0,1011.0,1011.0,1011.0,1011.0,1011.0,1011.0,1011.0,1011.0,1011.0,662.0,90.0,1011.0,1011.0,1011.0,1011.0,1011.0,1011.0,1011.0,1011.0,1011.0,1011.0,1011.0,1011.0,1011.0,1011.0,1011.0,1011.0,1011.0,1011.0,1011.0,1011.0,949.0,230.0,1011.0,1011.0,831.0,1011.0,1011.0,764.0,1011.0,1011.0,1011.0,1011.0,1011.0,1011.0,1011.0,1011.0,1011.0,1011.0,1011.0,1011.0,1011.0,1011.0,1011.0,1011.0,1011.0,1011.0,814.0,1011.0,1011.0,1011.0,1011.0,64.0
105.0,106.0,85.0,85.0,118.0,90.0,195.0,248.0,111.0,290.0,442.0,557.0,1011.0,1011.0,1011.0,1011.0,1011.0,1011.0,1011.0,1011.0,1011.0,1011.0,1011.0,1011.0,1011.0,1011.0,830.0,136.0,1011.0,523.0,51.0,1011.0,1011.0,1011.0,1011.0,972.0,1011.0,1011.0,1011.0,1011.0,640.0,1011.0,1011.0,1011.0,1011.0,1011.0,1011.0,1011.0,1011.0,1011.0,1011.0,1011.0,1011.0,1011.0,1011.0,939.0,1011.0,1011.0,1011.0,1011.0,1011.0,1011.0,1011.0,1011.0,1011.0,1011.0,1011.0,1011.0,1011.0,1011.0,1011.0,403.0,124.0,1011.0,1011.0,1011.0,1011.0,1011.0,1011.0,1011.0,1011.0,1011.0,1011.0,1011.0,1011.0,1011.0,1011.0,1011.0,1011.0,393.0,113.0,40.0,1011.0,1011.0,1011.0,1011.0,1011.0,170.0,1011.0,1011.0
205.0,130.0,265.0,113.0,281.0,127.0,196.0,400.0,1011.0,1011.0,116.0,97.0,1011.0,1011.0,1011.0,1011.0,1011.0,1011.0,1011.0,1011.0,1011.0,1011.0,372.0,773.0,385.0,1011.0,1011.0,1011.0,1011.0,1011.0,1011.0,1011.0,1011.0,1011.0,1011.0,1011.0,171.0,1011.0,1011.0,1011.0,642.0,84.0,79.0,1011.0,1011.0,432.0,1011.0,1011.0,1011.0,1011.0,1011.0,572.0,114.0,333.0,1011.0,1011.0,1011.0,1011.0,1011.0,1011.0,1011.0,1011.0,1011.0,1011.0,513.0,1011.0,1011.0,1011.0,1011.0,1011.0,1011.0,1011.0,1011.0,1011.0,1011.0,1011.0,1011.0,1011.0,1011.0,1011.0,678.0,1011.0,1011.0,1011.0,1011.0,1011.0,1011.0,1011.0,1011.0,157.0,42.0,1011.0,1011.0,1011.0,1011.0,1011.0,1011.0,1011.0,1011.0,1011.0
156.0,148.0,197.0,243.0,181.0,292.0,405.0,637.0,66.0,53.0,362.0,700.0,79.0,75.0,1011.0,1011.0,175.0,1011.0,1011.0,1011.0,782.0,523.0,171.0,364.0,1011.0,1011.0,1011.0,1011.0,1011.0,1011.0,1011.0,1011.0,1011.0,1011.0,1011.0,1011.0,536.0,97.0,1011.0,1011.0,992.0,94.0,1011.0,1011.0,1011.0,1011.0,1011.0,1011.0,1011.0,1011.0,1011.0,1011.0,1011.0,1011.0,1011.0,1011.0,1011.0,1011.0,1011.0,1011.0,188.0,1011.0,1011.0,1011.0,1011.0,1011.0,1011.0,1011.0,1011.0,1011.0,1011.0,1011.0,1011.0,1011.0,1011.0,1011.0,1011.0,1011.0,1011.0,1011.0,1011.0,1011.0,1011.0,1011.0,1011.0,1011.0,324.0,49.0,1011.0,1011.0,1011.0,1011.0,1011.0,1011.0,1011.0,1011.0,1011.0,1011.0,1011.0,1011.0
100.0,35.0,158.0,189.0,281.0,242.0,124.0,468.0,911.0,108.0,1011.0,1011.0,1011.0,315.0,159.0,380.0,1011.0,1011.0,1011.0,1011.0,1011.0,1011.0,1011.0,1011.0,1011.0,1011.0,1011.0,1011.0,1011.0,1011.0,315.0,183.0,1011.0,1011.0,1011.0,1011.0,1011.0,1011.0,1011.0,1011.0,1011.0,1011.0,1011.0,1011.0,1011.0,1011.0,323.0,1011.0,1011.0,1011.0,1011.0,1011.0,858.0,1011.0,1011.0,1011.0,1011.0,1011.0,1011.0,1011.0,1011.0,1011.0,1011.0,841.0,157.0,1011.0,1011.0,1011.0,1011.0,1011.0,1011.0,1011.0,1011.0,1011.0,852.0,1011.0,1011.0,1011.0,1011.0,1011.0,302.0,55.0,1011.0,62.0,1011.0,1011.0,1011.0,1011.0,1011.0,1011.0,1011.0,1011.0,1011.0,1011.0,1011.0,1011.0,1011.0,1011.0,672.0,1011.0
116.0,85.0,82.0,76.0,92.0,155.0,111.0,85.0,166.0,249.0,425.0,425.0,300.0,1011.0,465.0,190.0,1011.0,1011.0,1011.0,1011.0,1011.0,1011.0,829.0,1011.0,1011.0,1011.0,1011.0,1011.0,1011.0,1011.0,1011.0,1011.0,1011.0,1011.0,1011.0,679.0,1011.0,1011.0,1011.0,1011.0,1011.0,1011.0,1011.0,1011.0,1011.0,1011.0,1011.0,1011.0,1011.0,1011.0,1011.0,1011.0,1011.0,1011.0,1011.0,1011.0,1011.0,1011.0,1011.0,819.0,168.0,1011.0,1011.0,1011.0,1011.0,1011.0,1011.0,1011.0,1011.0,1011.0,1011.0,1011.0,1011.0,1011.0,1011.0,1011.0,161.0,1011.0,1011.0,1011.0,1011.0,173.0,1011.0,1011.0,1011.0,1011.0,1011.0,738.0,1011.0,1011.0,1011.0,1011.0,1011.0,190.0,1011.0,1011.0,1011.0,1011.0,1011.0,1011.0
104.0,175.0,105.0,110.0,122.0,162.0,208.0,102.0,315.0,352.0,500.0,1011.0,1011.0,1011.0,1011.0,1011.0,1011.0,1011.0,1011.0,1011.0,1011.0,1011.0,1011.0,1011.0,1011.0,1011.0,1011.0,1011.0,1011.0,1011.0,1011.0,1011.0,449.0,148.0,1011.0,1011.0,1011.0,1011.0,1011.0,1011.0,1011.0,1011.0,686.0,118.0,594.0,1011.0,1011.0,501.0,1011.0,1011.0,1011.0,1011.0,1011.0,1011.0,1011.0,1011.0,1011.0,1011.0,1011.0,1011.0,1011.0,1011.0,1011.0,1011.0,1011.0,1011.0,799.0,1011.0,1011.0,1011.0,1011.0,1011.0,1011.0,1011.0,1011.0,1011.0,295.0,1011.0,1011.0,1011.0,1011.0,803.0,1011.0,1011.0,1011.0,1011.0,1011.0,1011.0,1011.0,1011.0,1011.0,1011.0,1011.0,1011.0,1011.0,1011.0,1011.0,1011.0,1011.0,1011.0
99.0,106.0,87.0,108.0,83.0,88.0,178.0,201.0,520.0,349.0,1011.0,963.0,1011.0,1011.0,960.0,1011.0,1011.0,1011.0,1011.0,1011.0,1011.0,1011.0,1011.0,1011.0,1011.0,1011.0,1011.0,1011.0,1011.0,1011.0,1011.0,1011.0,524.0,170.0,1011.0,1011.0,1011.0,1011.0,479.0,91.0,1011.0,1011.0,1011.0,1011.0,1011.0,1011.0,135.0,1011.0,1011.0,1011.0,1011.0,1011.0,1011.0,1011.0,1011.0,1011.0,1011.0,1011.0,1011.0,1011.0,1011.0,1011.0,1011.0,1011.0,1011.0,1011.0,1011.0,1011.0,1011.0,1011.0,1011.0,1011.0,1011.0,1011.0,1011.0,1011.0,1011.0,249.0,1011.0,1011.0,1011.0,1011.0,1011.0,1011.0,1011.0,307.0,1011.0,1011.0,1011.0,1011.0,1011.0,1011.0,1011.0,1011.0,1011.0,1011.0,1011.0,1011.0,1011.0,1011.0
153.0,104.0,106.0,39.0,177.0,98.0,141.0,79.0,254.0,89.0,226.0,1011.0,1011.0,610.0,1011.0,1011.0,1011.0,1011.0,1011.0,1011.0,1011.0,1011.0,1011.0,1011.0,1011.0,1011.0,868.0,34.0,199.0,1011.0,1011.0,1011.0,1011.0,1011.0,1011.0,1011.0,1011.0,1011.0,1011.0,1011.0,1011.0,1011.0,1011.0,1011.0,1011.0,1011.0,134.0,1011.0,147.0,307.0,1011.0,1011.0,1011.0,1011.0,1011.0,1011.0,1011.0,1011.0,1011.0,1011.0,1011.0,665.0,99.0,1011.0,1011.0,1011.0,1011.0,1011.0,1011.0,1011.0,1011.0,1011.0,1011.0,1011.0,1011.0,1011.0,1011.0,1011.0,1011.0,1011.0,1011.0,1011.0,1011.0,1011.0,1011.0,1011.0,1011.0,1011.0,1011.0,1011.0,1011.0,1011.0,1011.0,1011.0,1011.0,1011.0,997.0,1011.0,1011.0,1011.0
183.0,95.0,95.0,112.0,195.0,191.0,236.0,184.0,245.0,240.0,345.0,652.0,279.0,336.0,79.0,116.0,1004.0,1011.0,1011.0,1011.0,1011.0,1011.0,1011.0,1011.0,1011.0,1011.0,1011.0,1011.0,1011.0,1011.0,1011.0,1011.0,1011.0,1011.0,922.0,1011.0,1011.0,1011.0,1011.0,1011.0,1011.0,1011.0,1011.0,1011.0,1011.0,1011.0,1011.0,363.0,59.0,685.0,1011.0,1011.0,1011.0,1011.0,1011.0,1011.0,1011.0,1011.0,1011.0,1011.0,1011.0,1011.0,1011.0,1011.0,1011.0,1011.0,1011.0,1011.0,1011.0,1011.0,1011.0,1011.0,1011.0,1011.0,1011.0,1011.0,1011.0,1011.0,1011.0,1011.0,1011.0,1011.0,1011.0,323.0,1011.0,1011.0,1011.0,1011.0,1011.0,1011.0,134.0,46.0,90.0,19.0,363.0,1011.0,1011.0,1011.0,1011.0,1011.0
189.0,93.0,79.0,85.0,114.0,163.0,123.0,111.0,167.0,296.0,810.0,1011.0,1011.0,1011.0,1011.0,1011.0,1011.0,1011.0,1011.0,1011.0,1011.0,1011.0,1011.0,1011.0,1011.0,1011.0,1011.0,1011.0,1011.0,1011.0,1011.0,1011.0,1011.0,1011.0,1011.0,1011.0,1011.0,322.0,550.0,729.0,184.0,60.0,146.0,1011.0,1011.0,1011.0,1011.0,1011.0,1011.0,1011.0,43.0,1011.0,1011.0,1011.0,1011.0,1011.0,1011.0,1011.0,1011.0,1011.0,1011.0,1011.0,1011.0,1011.0,1011.0,1011.0,1011.0,1011.0,1011.0,1011.0,544.0,97.0,1011.0,1011.0,275.0,1011.0,1011.0,1011.0,1011.0,1011.0,1011.0,1011.0,1011.0,1011.0,1011.0,424.0,1011.0,1011.0,1011.0,1011.0,1011.0,1011.0,1011.0,1011.0,1011.0,1011.0,465.0,1011.0,1011.0,1011.0
169.0,172.0,354.0,218.0,149.0,291.0,447.0,677.0,1011.0,1011.0,1011.0,1011.0,1011.0,1011.0,1011.0,1011.0,781.0,1011.0,1011.0,1011.0,1011.0,1011.0,1011.0,1011.0,1011.0,1011.0,1011.0,580.0,228.0,42.0,224.0,250.0,52.0,62.0,353.0,544.0,89.0,300.0,66.0,8.0,56.0,50.0,57.0,58.0,45.0,45.0,10.0,26.0,13.0,10.0,32.0,32.0,38.0,34.0,20.0,48.0,42.0,49.0,51.0,40.0,30.0,37.0,32.0,65.0,40.0,89.0,36.0,66.0,30.0,35.0,54.0,31.0,9.0,32.0,7.0,31.0,32.0,33.0,35.0,31.0,31.0,29.0,28.0,29.0,26.0,26.0,36.0,26.0,33.0,33.0,32.0,27.0,34.0,10.0,24.0,7.0,32.0,45.0,37.0,40.0
117.0,92.0,86.0,100.0,141.0,36.0,253.0,180.0,167.0,103.0,81.0,308.0,446.0,606.0,1011.0,1011.0,1011.0,1011.0,1011.0,1011.0,1011.0,1011.0,1011.0,1011.0,1011.0,1011.0,1011.0,1011.0,1011.0,1011.0,294.0,136.0,1011.0,1011.0,1011.0,1011.0,1011.0,1011.0,1011.0,1011.0,1011.0,1011.0,1011.0,564.0,1011.0,1011.0,1011.0,1011.0,518.0,1011.0,1011.0,1011.0,1011.0,1011.0,1011.0,1011.0,1011.0,1011.0,1011.0,1011.0,1011.0,1011.0,1011.0,1011.0,1011.0,1011.0,1011.0,1011.0,1011.0,1011.0,1011.0,1011.0,1011.0,1011.0,1011.0,1011.0,1011.0,1011.0,1011.0,1011.0,1011.0,1011.0,1011.0,1011.0,1011.0,1011.0,1011.0,1011.0,1011.0,1011.0,1011.0,1011.0,1011.0,1011.0,1011.0,1011.0,1011.0,1011.0,491.0,46.0
115.0,80.0,96.0,105.0,103.0,118.0,149.0,198.0,373.0,546.0,628.0,76.0,1011.0,1011.0,1011.0,188.0,1011.0,1011.0,1011.0,1011.0,1011.0,1011.0,1011.0,1011.0,1011.0,1011.0,93.0,1011.0,1011.0,168.0,91.0,1011.0,1011.0,1011.0,1011.0,1011.0,1011.0,1011.0,1011.0,1011.0,1011.0,1011.0,1011.0,1011.0,1011.0,1011.0,1011.0,1011.0,1011.0,1011.0,1011.0,251.0,253.0,1011.0,1011.0,1011.0,1011.0,1011.0,1011.0,1011.0,1011.0,1011.0,1011.0,1011.0,1011.0,1011.0,1011.0,1011.0,1011.0,1011.0,1011.0,1011.0,1011.0,1011.0,1011.0,1011.0,1011.0,1011.0,1011.0,1011.0,1011.0,410.0,992.0,972.0,24.0,103.0,47.0,1011.0,26.0,1011.0,1011.0,1011.0,1011.0,1011.0,129.0,1011.0,1011.0,1011.0,1011.0,1011.0
291.0,242.0,326.0,370.0,470.0,1011.0,541.0,1011.0,1011.0,1011.0,1011.0,1011.0,1011.0,1011.0,1011.0,1011.0,1011.0,1011.0,1011.0,1011.0,1011.0,148.0,147.0,1011.0,1011.0,1011.0,1011.0,1011.0,1011.0,1011.0,1011.0,1011.0,1011.0,332.0,1011.0,1011.0,1011.0,1011.0,323.0,50.0,1011.0,1011.0,1011.0,1011.0,1011.0,1011.0,1011.0,1011.0,757.0,1011.0,1011.0,1011.0,1011.0,1011.0,1011.0,1011.0,1011.0,1011.0,1011.0,1011.0,168.0,172.0,935.0,107.0,36.0,1011.0,1011.0,1011.0,1011.0,1011.0,1011.0,1011.0,1011.0,1011.0,1011.0,29.0,1011.0,1011.0,1011.0,1011.0,1011.0,1011.0,1011.0,1011.0,1011.0,1011.0,1011.0,1011.0,1011.0,1011.0,1011.0,1011.0,1011.0,1011.0,1011.0,1011.0,1011.0,1011.0,1011.0,1011.0
78.0,45.0,107.0,77.0,80.0,77.0,86.0,80.0,286.0,85.0,88.0,120.0,376.0,260.0,99.0,544.0,1011.0,1011.0,1011.0,650.0,1011.0,1011.0,1011.0,833.0,630.0,542.0,1011.0,1011.0,1011.0,1011.0,311.0,1011.0,1011.0,1011.0,256.0,1011.0,1011.0,1011.0,1011.0,1011.0,1011.0,1011.0,1011.0,1011.0,1011.0,1011.0,1011.0,1011.0,1011.0,1011.0,1011.0,1011.0,1011.0,1011.0,1011.0,1011.0,1011.0,1011.0,1011.0,1011.0,1011.0,1011.0,1011.0,1011.0,1011.0,1011.0,688.0,393.0,150.0,1011.0,1011.0,1011.0,1011.0,402.0,231.0,1011.0,1011.0,1011.0,1011.0,1011.0,1011.0,457.0,1011.0,1011.0,1011.0,1011.0,1011.0,1011.0,1011.0,1011.0,1011.0,1011.0,1011.0,1011.0,1011.0,1011.0,1011.0,1011.0,1011.0,1011.0
231.0,217.0,195.0,284.0,354.0,543.0,674.0,1011.0,1011.0,1011.0,370.0,1011.0,1011.0,1011.0,1011.0,1011.0,1011.0,1011.0,1011.0,1011.0,1011.0,1011.0,1011.0,1011.0,1011.0,1011.0,1011.0,915.0,165.0,1011.0,1011.0,1011.0,1011.0,1011.0,222.0,1011.0,1011.0,1011.0,1011.0,446.0,22.0,164.0,1011.0,1011.0,1011.0,1011.0,1011.0,1011.0,1011.0,1011.0,1011.0,100.0,1011.0,1011.0,1011.0,1011.0,1011.0,549.0,1011.0,215.0,1011.0,1011.0,1011.0,1011.0,1011.0,1011.0,1011.0,1011.0,1011.0,1011.0,1011.0,1011.0,1011.0,78.0,1011.0,1011.0,1011.0,1011.0,1011.0,1011.0,1011.0,1011.0,1011.0,1011.0,1011.0,1011.0,1011.0,820.0,90.0,1011.0,1011.0,1011.0,1011.0,1011.0,1011.0,1011.0,1011.0,1011.0,1011.0,1011.0
192.0,94.0,81.0,81.0,125.0,82.0,140.0,126.0,438.0,94.0,95.0,113.0,118.0,310.0,312.0,1011.0,1011.0,1011.0,1011.0,193.0,1011.0,1011.0,1011.0,1011.0,1011.0,1011.0,1011.0,251.0,113.0,1011.0,1011.0,853.0,1011.0,1011.0,1011.0,1011.0,1011.0,1011.0,1011.0,1011.0,1011.0,1011.0,1011.0,612.0,155.0,1011.0,1011.0,1011.0,1011.0,1011.0,1011.0,1011.0,1011.0,1011.0,1011.0,1011.0,45.0,1011.0,1011.0,1011.0,1011.0,1011.0,1011.0,1011.0,1011.0,1011.0,1011.0,1011.0,1011.0,1011.0,1011.0,1011.0,1011.0,1011.0,374.0,163.0,1011.0,1011.0,1011.0,1011.0,1011.0,462.0,1011.0,1011.0,1011.0,1011.0,1011.0,1011.0,1011.0,1011.0,1011.0,1011.0,1011.0,1011.0,1011.0,1011.0,1011.0,1011.0,927.0,1011.0
106.0,128.0,239.0,293.0,320.0,321.0,1011.0,1011.0,1011.0,1011.0,1011.0,1011.0,1011.0,1011.0,169.0,1011.0,248.0,1011.0,1011.0,1011.0,1011.0,1011.0,1011.0,1011.0,1011.0,1011.0,1011.0,1011.0,830.0,62.0,1011.0,1011.0,1011.0,1011.0,1011.0,1011.0,1011.0,1011.0,63.0,1011.0,1011.0,1011.0,1011.0,1011.0,1011.0,1011.0,1011.0,1011.0,1011.0,1011.0,1011.0,1011.0,460.0,1011.0,1011.0,1011.0,1011.0,1011.0,1011.0,1011.0,1011.0,1011.0,1011.0,1011.0,1011.0,1011.0,1011.0,1011.0,285.0,914.0,285.0,1011.0,1011.0,1011.0,688.0,1011.0,1011.0,1011.0,1011.0,592.0,1011.0,1011.0,1011.0,1011.0,1011.0,1011.0,1011.0,1011.0,1011.0,1011.0,1011.0,1011.0,636.0,1011.0,1011.0,1011.0,1011.0,1011.0,1011.0,1011.0
107.0,198.0,193.0,90.0,144.0,98.0,77.0,471.0,390.0,1011.0,181.0,1011.0,1011.0,1011.0,1011.0,1011.0,1011.0,1011.0,1011.0,1011.0,1011.0,1011.0,1011.0,1011.0,840.0,1011.0,1011.0,1011.0,1011.0,1011.0,1011.0,1011.0,1011.0,1011.0,947.0,1011.0,1011.0,1011.0,1011.0,1011.0,1011.0,1011.0,1011.0,1011.0,1011.0,1011.0,1011.0,1011.0,1011.0,1011.0,1011.0,1011.0,210.0,52.0,1011.0,1011.0,1011.0,1011.0,1011.0,1011.0,1011.0,1011.0,1011.0,1011.0,1011.0,1011.0,1011.0,1011.0,1011.0,1011.0,1011.0,91.0,251.0,1011.0,1011.0,1011.0,1011.0,1011.0,1011.0,1011.0,1011.0,1011.0,1011.0,1011.0,1011.0,179.0,161.0,31.0,1011.0,1011.0,339.0,37.0,38.0,41.0,40.0,24.0,31.0,20.0,21.0,19.0
114.0,132.0,252.0,24.0,243.0,286.0,219.0,470.0,258.0,132.0,1011.0,723.0,180.0,293.0,255.0,1011.0,1011.0,1011.0,1011.0,1011.0,1011.0,1011.0,326.0,63.0,492.0,1011.0,1011.0,1011.0,1011.0,1011.0,1011.0,1011.0,1011.0,1011.0,1011.0,686.0,241.0,1011.0,1011.0,1011.0,1011.0,1011.0,1011.0,1011.0,1011.0,1011.0,1011.0,1011.0,1011.0,1011.0,407.0,168.0,1011.0,1011.0,1011.0,1011.0,1011.0,1011.0,1011.0,1011.0,1011.0,1011.0,1011.0,1011.0,1011.0,1011.0,1011.0,1011.0,1011.0,1011.0,1011.0,1011.0,1011.0,1011.0,1011.0,1011.0,1011.0,1011.0,1011.0,1011.0,1011.0,1011.0,1011.0,1011.0,1011.0,1011.0,1011.0,1011.0,1011.0,1011.0,1011.0,1011.0,1011.0,686.0,1011.0,1011.0,1011.0,1011.0,765.0,51.0
91.0,81.0,88.0,88.0,61.0,144.0,67.0,143.0,310.0,320.0,629.0,1011.0,820.0,1011.0,1011.0,1011.0,56.0,1011.0,1011.0,1011.0,1011.0,995.0,1011.0,1011.0,1011.0,1011.0,1011.0,1011.0,38.0,101.0,1011.0,1011.0,1011.0,529.0,1011.0,1011.0,1011.0,1011.0,1011.0,596.0,161.0,1011.0,1011.0,1011.0,1011.0,1011.0,1011.0,1011.0,1011.0,905.0,79.0,61.0,1011.0,520.0,108.0,18.0,654.0,191.0,1011.0,1011.0,1011.0,1011.0,1011.0,1011.0,1011.0,1011.0,1011.0,1011.0,1011.0,1011.0,1011.0,1011.0,1011.0,1011.0,1011.0,503.0,1011.0,1011.0,1011.0,1011.0,1011.0,1011.0,1011.0,1011.0,1011.0,1011.0,1011.0,1011.0,1011.0,1011.0,1011.0,1011.0,1011.0,1011.0,1011.0,1011.0,1011.0,1011.0,1011.0,1011.0
100.0,80.0,87.0,79.0,83.0,62.0,102.0,85.0,82.0,83.0,158.0,73.0,120.0,456.0,103.0,73.0,325.0,119.0,254.0,112.0,101.0,53.0,1011.0,1011.0,1011.0,1011.0,303.0,194.0,1011.0,1011.0,1011.0,1011.0,1011.0,1011.0,1011.0,1011.0,1011.0,1011.0,1011.0,1011.0,1011.0,1011.0,1011.0,1011.0,1011.0,1011.0,1011.0,1011.0,1011.0,1011.0,1011.0,1011.0,1011.0,1011.0,1011.0,1011.0,1011.0,1011.0,1011.0,1011.0,1011.0,1011.0,1011.0,1011.0,1011.0,1011.0,788.0,483.0,1011.0,1011.0,1011.0,1011.0,1011.0,1011.0,1011.0,1011.0,1011.0,1011.0,1011.0,1011.0,534.0,1011.0,1011.0,1011.0,1011.0,1011.0,1011.0,1011.0,1011.0,1011.0,1011.0,1011.0,1011.0,1011.0,1011.0,1011.0,1011.0,1011.0,1011.0,1011.0
179.0,184.0,204.0,120.0,57.0,44.0,438.0,460.0,189.0,230.0,473.0,1011.0,1011.0,1011.0,1011.0,778.0,62.0,214.0,1011.0,1011.0,1011.0,1011.0,1011.0,1011.0,1011.0,1011.0,1011.0,1011.0,76.0,31.0,1011.0,1011.0,1011.0,1011.0,1011.0,1011.0,28.0,1011.0,1011.0,1011.0,1011.0,1011.0,1011.0,1011.0,1011.0,1011.0,1011.0,1011.0,1011.0,1011.0,1011.0,244.0,354.0,169.0,1011.0,1011.0,1011.0,1011.0,1011.0,1011.0,1011.0,1011.0,1011.0,1011.0,1011.0,1011.0,1011.0,1011.0,1011.0,1011.0,1011.0,1011.0,1011.0,1011.0,1011.0,1011.0,1011.0,1011.0,1011.0,1011.0,1011.0,305.0,39.0,1011.0,1011.0,1011.0,1011.0,1011.0,1011.0,1011.0,1011.0,1011.0,1011.0,130.0,1011.0,1011.0,1011.0,1011.0,185.0,74.0
98.0,82.0,97.0,192.0,195.0,157.0,224.0,167.0,241.0,188.0,131.0,415.0,404.0,335.0,1011.0,1011.0,1011.0,1011.0,1011.0,1011.0,1011.0,1011.0,1011.0,1011.0,1011.0,1011.0,1011.0,253.0,1011.0,1011.0,1011.0,1011.0,1011.0,1011.0,1011.0,1011.0,1011.0,1011.0,1011.0,1011.0,1011.0,1011.0,1011.0,1011.0,1011.0,1011.0,1011.0,1011.0,1011.0,1011.0,1011.0,1011.0,1011.0,1011.0,1011.0,1011.0,732.0,184.0,341.0,366.0,219.0,1011.0,290.0,117.0,393.0,46.0,13.0,139.0,37.0,32.0,48.0,39.0,33.0,16.0,10.0,14.0,10.0,7.0,9.0,39.0,9.0,38.0,46.0,8.0,41.0,29.0,35.0,35.0,54.0,56.0,36.0,7.0,7.0,7.0,8.0,40.0,7.0,8.0,8.0,66.0
100.0,131.0,178.0,197.0,141.0,110.0,82.0,402.0,160.0,523.0,389.0,746.0,1011.0,1011.0,1011.0,1011.0,1011.0,1011.0,1011.0,1011.0,1011.0,1011.0,1011.0,1011.0,1011.0,63.0,96.0,1011.0,1011.0,1011.0,1011.0,1011.0,1011.0,1011.0,1011.0,1011.0,833.0,1011.0,1011.0,1011.0,1011.0,1011.0,1011.0,1011.0,1011.0,1011.0,1011.0,1011.0,1011.0,694.0,130.0,1011.0,1011.0,1011.0,1011.0,1011.0,1011.0,1011.0,1011.0,1011.0,1011.0,1011.0,1011.0,1011.0,1011.0,1011.0,1011.0,1011.0,1011.0,1011.0,1011.0,1011.0,1011.0,697.0,1011.0,1011.0,1011.0,1011.0,1011.0,1011.0,1011.0,1008.0,1011.0,1011.0,1011.0,1011.0,1011.0,336.0,78.0,1011.0,1011.0,1011.0,1011.0,1011.0,1011.0,1011.0,1011.0,1011.0,1011.0,1011.0
138.0,73.0,103.0,77.0,149.0,131.0,365.0,241.0,653.0,65.0,1011.0,492.0,1011.0,1011.0,1011.0,1011.0,1011.0,1011.0,1011.0,1011.0,1011.0,1011.0,1011.0,1011.0,1011.0,1011.0,1011.0,1011.0,1011.0,1011.0,1011.0,1011.0,1011.0,1011.0,1011.0,1011.0,1011.0,1011.0,1011.0,1011.0,1011.0,1011.0,1011.0,835.0,40.0,1011.0,1011.0,1011.0,1011.0,1011.0,1011.0,1011.0,1011.0,1011.0,1011.0,1011.0,1011.0,992.0,319.0,59.0,1011.0,1011.0,1011.0,1011.0,1011.0,1011.0,1011.0,1011.0,1011.0,1011.0,1011.0,1011.0,1011.0,1011.0,1011.0,1011.0,1011.0,861.0,1011.0,1011.0,1011.0,1011.0,1011.0,1011.0,1011.0,1011.0,1011.0,1011.0,598.0,1011.0,1011.0,1011.0,1011.0,1011.0,1011.0,1011.0,1011.0,1011.0,1011.0,906.0
91.0,101.0,108.0,100.0,103.0,192.0,152.0,205.0,157.0,198.0,182.0,89.0,490.0,87.0,428.0,237.0,593.0,993.0,1011.0,1011.0,1011.0,1011.0,1011.0,1011.0,1011.0,1011.0,1011.0,1011.0,1011.0,1011.0,1011.0,171.0,909.0,682.0,351.0,1011.0,1011.0,1011.0,1011.0,967.0,1011.0,1011.0,1011.0,1011.0,1011.0,1011.0,1011.0,1011.0,1011.0,1011.0,1011.0,1011.0,1011.0,1011.0,1011.0,930.0,278.0,1011.0,1011.0,1011.0,1011.0,1011.0,1011.0,609.0,1011.0,1011.0,1011.0,1011.0,1011.0,1011.0,1011.0,1011.0,1011.0,1011.0,1011.0,1011.0,1011.0,1011.0,1011.0,1011.0,1011.0,1011.0,1011.0,1011.0,1011.0,1011.0,1011.0,1011.0,1011.0,1011.0,1011.0,1011.0,1011.0,1011.0,951.0,1011.0,1011.0,1011.0,1011.0,1011.0
210.0,296.0,277.0,182.0,238.0,84.0,66.0,669.0,601.0,1011.0,1011.0,436.0,1011.0,1011.0,1011.0,1011.0,1011.0,1011.0,1011.0,1011.0,1011.0,171.0,340.0,1011.0,1011.0,1011.0,1011.0,1011.0,1011.0,1011.0,1011.0,1011.0,1011.0,490.0,313.0,207.0,1011.0,1011.0,1011.0,1011.0,1011.0,1011.0,1011.0,1011.0,98.0,83.0,296.0,1011.0,1011.0,1011.0,1011.0,1011.0,1011.0,1011.0,1011.0,1011.0,1011.0,1011.0,1011.0,1011.0,1011.0,1011.0,1011.0,1011.0,1011.0,1011.0,1011.0,1011.0,1011.0,1011.0,1011.0,649.0,1011.0,1011.0,1011.0,1011.0,1011.0,1011.0,1011.0,1011.0,1011.0,1011.0,1011.0,1011.0,1011.0,1011.0,1011.0,1011.0,1011.0,1011.0,1011.0,1011.0,1011.0,1011.0,330.0,285.0,1011.0,1011.0,1011.0,1011.0
129.0,246.0,201.0,292.0,242.0,370.0,111.0,351.0,167.0,51.0,168.0,1011.0,407.0,1011.0,1011.0,109.0,131.0,1011.0,1011.0,1011.0,1011.0,1011.0,1011.0,1011.0,598.0,149.0,107.0,1011.0,1011.0,1011.0,1011.0,1011.0,1011.0,1011.0,1011.0,1011.0,1011.0,555.0,1011.0,1011.0,1011.0,1011.0,1011.0,1011.0,189.0,168.0,330.0,1011.0,1011.0,1011.0,1011.0,1011.0,1011.0,1011.0,1011.0,1011.0,1011.0,1011.0,1011.0,1011.0,1011.0,1011.0,1011.0,1011.0,1011.0,1011.0,1011.0,1011.0,1011.0,1011.0,1011.0,1011.0,77.0,65.0,1011.0,1011.0,1011.0,1011.0,1011.0,1011.0,1011.0,1011.0,1011.0,837.0,1011.0,1011.0,1011.0,1011.0,1011.0,1011.0,1011.0,1011.0,1011.0,1011.0,1011.0,1011.0,1011.0,1011.0,1011.0,1011.0
181.0,191.0,108.0,164.0,178.0,236.0,125.0,37.0,171.0,298.0,303.0,437.0,1011.0,306.0,1011.0,85.0,932.0,150.0,62.0,1011.0,1011.0,1011.0,1011.0,1011.0,1011.0,1011.0,45.0,61.0,1011.0,1011.0,1011.0,1011.0,1011.0,1011.0,1011.0,1011.0,1011.0,1011.0,1011.0,1011.0,1011.0,1011.0,1011.0,1011.0,1011.0,1011.0,1011.0,724.0,204.0,193.0,64.0,1011.0,1011.0,294.0,1011.0,1011.0,1011.0,1011.0,1011.0,1011.0,1011.0,1011.0,1011.0,1011.0,1011.0,1011.0,1011.0,1011.0,1011.0,1011.0,1011.0,1011.0,1011.0,1011.0,1011.0,1011.0,1011.0,1011.0,698.0,120.0,1011.0,1011.0,1011.0,1011.0,862.0,251.0,1011.0,1011.0,755.0,1011.0,1011.0,1011.0,1011.0,1011.0,1011.0,1011.0,1011.0,1011.0,1011.0,1011.0
162.0,141.0,268.0,179.0,263.0,352.0,280.0,735.0,105.0,1011.0,1011.0,1011.0,1011.0,1011.0,1011.0,1011.0,1011.0,1011.0,1011.0,655.0,1011.0,1011.0,1011.0,1011.0,1011.0,1011.0,1011.0,1011.0,1011.0,1011.0,1011.0,1011.0,1011.0,1011.0,1011.0,224.0,1011.0,1011.0,1011.0,1011.0,1011.0,1011.0,1011.0,1011.0,1011.0,1011.0,1011.0,1011.0,1011.0,1011.0,1011.0,315.0,45.0,1011.0,1011.0,1011.0,974.0,1011.0,1011.0,1011.0,1011.0,1011.0,1011.0,1011.0,1011.0,1011.0,1011.0,1011.0,1011.0,1011.0,1011.0,1011.0,1011.0,1011.0,1011.0,1011.0,1011.0,1011.0,1011.0,1011.0,1011.0,1011.0,1011.0,1011.0,596.0,270.0,79.0,1011.0,1011.0,1011.0,1011.0,1011.0,556.0,1011.0,1011.0,1011.0,1011.0,1011.0,1011.0,1011.0
208.0,193.0,167.0,242.0,32.0,317.0,1011.0,355.0,354.0,1011.0,1011.0,1011.0,1011.0,1011.0,1011.0,1011.0,1011.0,1011.0,1011.0,1011.0,1011.0,1011.0,1011.0,1011.0,1011.0,1011.0,1011.0,1011.0,1011.0,1011.0,1011.0,1011.0,940.0,145.0,1011.0,1011.0,1011.0,1011.0,1011.0,1011.0,1011.0,1011.0,1011.0,1011.0,1011.0,1011.0,1011.0,1011.0,1011.0,1011.0,1011.0,1011.0,1011.0,1011.0,1011.0,1011.0,1011.0,1011.0,1011.0,1011.0,540.0,278.0,1011.0,84.0,1011.0,1011.0,1011.0,1011.0,1011.0,1011.0,1011.0,1011.0,1011.0,1011.0,1011.0,1011.0,1011.0,1011.0,1011.0,1011.0,790.0,449.0,238.0,1011.0,1011.0,1011.0,1011.0,1011.0,1011.0,1011.0,1011.0,1011.0,658.0,1011.0,1011.0,1011.0,1011.0,1011.0,1011.0,1011.0
204.0,116.0,125.0,176.0,196.0,185.0,181.0,268.0,170.0,420.0,162.0,169.0,152.0,701.0,785.0,1011.0,1011.0,1011.0,1011.0,1011.0,1011.0,1011.0,1011.0,360.0,1011.0,306.0,286.0,209.0,62.0,63.0,73.0,161.0,100.0,151.0,112.0,242.0,820.0,1011.0,1011.0,1011.0,1011.0,1011.0,1011.0,1011.0,1011.0,1011.0,1011.0,1011.0,1011.0,1011.0,1011.0,1011.0,1011.0,1011.0,1011.0,1011.0,1011.0,85.0,65.0,107.0,1011.0,1011.0,889.0,1011.0,1011.0,1011.0,1011.0,1011.0,1011.0,1011.0,1011.0,1011.0,677.0,51.0,144.0,50.0,40.0,41.0,45.0,160.0,7.0,9.0,16.0,31.0,86.0,138.0,65.0,733.0,57.0,86.0,43.0,71.0,326.0,87.0,191.0,818.0,40.0,1011.0,1011.0,1011.0
256.0,115.0,240.0,142.0,102.0,116.0,106.0,107.0,93.0,280.0,272.0,92.0,108.0,411.0,1011.0,1011.0,1011.0,1011.0,1011.0,1011.0,1011.0,1011.0,1011.0,1011.0,211.0,1011.0,1011.0,1011.0,1011.0,1011.0,1011.0,1011.0,1011.0,1011.0,1011.0,1011.0,1011.0,755.0,171.0,156.0,1011.0,1011.0,1011.0,1011.0,1011.0,1011.0,1011.0,1011.0,1011.0,593.0,555.0,1011.0,1011.0,1011.0,1011.0,1011.0,1011.0,1011.0,1011.0,1011.0,1011.0,1011.0,1011.0,20.0,109.0,1011.0,1011.0,1011.0,1011.0,1011.0,1011.0,760.0,1011.0,1011.0,1011.0,1011.0,1011.0,1011.0,1011.0,1011.0,1011.0,1011.0,1011.0,1011.0,1011.0,1011.0,1011.0,1011.0,1011.0,1011.0,1011.0,1011.0,1011.0,1011.0,1011.0,499.0,273.0,429.0,100.0,56.0
177.0,131.0,415.0,324.0,330.0,375.0,362.0,807.0,1011.0,1011.0,1011.0,1011.0,1011.0,1011.0,1011.0,763.0,158.0,18.0,117.0,1011.0,1011.0,1011.0,1011.0,419.0,107.0,1011.0,1011.0,1011.0,1011.0,1011.0,1011.0,1011.0,1011.0,1011.0,1011.0,1011.0,1011.0,1011.0,1011.0,1011.0,736.0,1011.0,1011.0,1011.0,1011.0,1011.0,1011.0,1011.0,1011.0,1011.0,1011.0,1011.0,463.0,1011.0,1011.0,1011.0,1011.0,1011.0,1011.0,1011.0,1011.0,1011.0,1011.0,1011.0,1011.0,1011.0,1011.0,231.0,118.0,1011.0,326.0,1011.0,1011.0,1011.0,1011.0,1011.0,1011.0,1011.0,1011.0,1011.0,1011.0,1011.0,1011.0,1011.0,1011.0,1011.0,1011.0,1011.0,1011.0,1011.0,1011.0,1011.0,1011.0,1011.0,1011.0,1011.0,223.0,363.0,47.0,146.0
171.0,166.0,113.0,176.0,112.0,200.0,131.0,82.0,543.0,236.0,524.0,106.0,66.0,278.0,142.0,1011.0,1011.0,1011.0,114.0,87.0,1011.0,1011.0,1011.0,1011.0,1011.0,1011.0,1011.0,884.0,80.0,25.0,1011.0,1011.0,1011.0,1011.0,659.0,317.0,1011.0,1011.0,1011.0,1011.0,1011.0,1011.0,1011.0,1011.0,1011.0,1011.0,1011.0,1011.0,1011.0,1011.0,1011.0,1011.0,1011.0,1011.0,1011.0,1011.0,1011.0,1011.0,87.0,55.0,1011.0,1011.0,1011.0,1011.0,1011.0,1011.0,1011.0,1011.0,1011.0,1011.0,1011.0,1011.0,1011.0,1011.0,1011.0,1011.0,1011.0,1011.0,1011.0,1011.0,1011.0,1011.0,1011.0,1011.0,1011.0,1011.0,1011.0,1011.0,1011.0,1011.0,1011.0,1011.0,1011.0,1011.0,1011.0,387.0,516.0,291.0,150.0,727.0
197.0,211.0,272.0,125.0,192.0,168.0,348.0,1011.0,655.0,1011.0,1011.0,1011.0,1011.0,1011.0,1011.0,1011.0,1011.0,1011.0,1011.0,1011.0,1011.0,1011.0,1011.0,1011.0,1011.0,1011.0,1011.0,1011.0,528.0,143.0,1011.0,1011.0,1011.0,1011.0,1011.0,1011.0,1011.0,1011.0,1011.0,1011.0,1011.0,1011.0,1011.0,1011.0,1011.0,1011.0,1011.0,945.0,75.0,112.0,534.0,1011.0,1011.0,1011.0,1011.0,1011.0,1011.0,1011.0,1011.0,1011.0,1011.0,880.0,306.0,1011.0,1011.0,1011.0,819.0,1011.0,1011.0,1011.0,1011.0,1011.0,1011.0,1011.0,1011.0,1011.0,1011.0,1011.0,1011.0,1011.0,1011.0,1011.0,531.0,1011.0,1011.0,1011.0,1011.0,1011.0,1011.0,1011.0,599.0,1011.0,1011.0,1011.0,1011.0,1011.0,1011.0,1011.0,1011.0,1011.0
208.0,85.0,87.0,109.0,173.0,213.0,104.0,211.0,285.0,367.0,1011.0,1011.0,1011.0,1011.0,1011.0,1011.0,1011.0,1011.0,1011.0,1011.0,1011.0,1011.0,1011.0,1011.0,1011.0,631.0,359.0,393.0,1011.0,1011.0,1011.0,1011.0,1011.0,1011.0,1011.0,1011.0,1011.0,1011.0,1011.0,1011.0,1011.0,1011.0,1011.0,1011.0,1011.0,1011.0,1011.0,1011.0,1011.0,1011.0,1011.0,299.0,1011.0,1011.0,1011.0,1011.0,1011.0,1011.0,1011.0,1011.0,767.0,1011.0,1011.0,1011.0,1011.0,1011.0,1011.0,1011.0,212.0,1011.0,1011.0,1011.0,1011.0,1011.0,1011.0,1011.0,1011.0,461.0,103.0,1011.0,1011.0,1011.0,1011.0,1011.0,1011.0,1011.0,1011.0,1011.0,1011.0,1011.0,1011.0,112.0,1011.0,1011.0,1011.0,1011.0,1011.0,1011.0,1011.0,1011.0
138.0,107.0,123.0,117.0,106.0,94.0,193.0,225.0,279.0,212.0,340.0,436.0,708.0,764.0,1011.0,239.0,1011.0,1011.0,1011.0,1011.0,1011.0,1011.0,1011.0,1011.0,1011.0,1011.0,1011.0,1011.0,1011.0,1011.0,1011.0,1011.0,131.0,1011.0,1011.0,1011.0,1011.0,1011.0,1011.0,410.0,1011.0,1011.0,1011.0,1011.0,1011.0,1011.0,1011.0,1011.0,1011.0,1011.0,1011.0,1011.0,1011.0,1011.0,1011.0,1011.0,1011.0,1011.0,1011.0,1011.0,1011.0,1011.0,1011.0,1011.0,281.0,147.0,54.0,713.0,1011.0,146.0,356.0,1011.0,1011.0,1011.0,1011.0,1011.0,1011.0,1011.0,1011.0,1011.0,1011.0,1011.0,1011.0,1011.0,1011.0,824.0,278.0,1011.0,1011.0,1011.0,1011.0,1011.0,1011.0,1011.0,920.0,168.0,1011.0,1011.0,273.0,1011.0
157.0,144.0,75.0,80.0,101.0,90.0,75.0,216.0,459.0,586.0,351.0,1011.0,1011.0,1011.0,1011.0,1011.0,1011.0,1011.0,1011.0,1011.0,1011.0,300.0,1011.0,1011.0,1011.0,1011.0,1011.0,1011.0,623.0,73.0,1011.0,1011.0,1011.0,1011.0,1011.0,1011.0,1011.0,1011.0,1011.0,1011.0,1011.0,301.0,1011.0,1011.0,1011.0,1011.0,1011.0,1011.0,1011.0,1011.0,1011.0,1011.0,1011.0,282.0,82.0,1011.0,1011.0,1011.0,1011.0,1011.0,1011.0,1011.0,1011.0,1011.0,1011.0,1011.0,1011.0,1011.0,1011.0,1011.0,462.0,1011.0,1011.0,1011.0,1011.0,1011.0,1011.0,1011.0,1011.0,1011.0,1011.0,1011.0,667.0,1011.0,1011.0,1011.0,1011.0,1011.0,1011.0,1006.0,636.0,19.0,65.0,1011.0,1011.0,1011.0,1011.0,1011.0,891.0,110.0
87.0,49.0,179.0,118.0,131.0,158.0,179.0,131.0,99.0,82.0,407.0,140.0,1011.0,1011.0,218.0,285.0,1011.0,1011.0,1011.0,1011.0,1011.0,1011.0,1011.0,1011.0,1011.0,31.0,1011.0,1011.0,1011.0,677.0,1011.0,1011.0,1011.0,1011.0,1011.0,1011.0,1011.0,721.0,115.0,1011.0,1011.0,1011.0,1011.0,1011.0,1011.0,1011.0,1011.0,1011.0,1011.0,1011.0,1011.0,1011.0,1011.0,1011.0,1011.0,1011.0,1011.0,1011.0,1011.0,521.0,1011.0,1011.0,1011.0,820.0,1011.0,1011.0,1011.0,1011.0,1011.0,1011.0,1011.0,1011.0,1011.0,1011.0,1011.0,1011.0,1011.0,1011.0,1011.0,1011.0,1011.0,1011.0,441.0,121.0,54.0,1011.0,1011.0,1011.0,1011.0,1011.0,1011.0,1011.0,946.0,854.0,1011.0,1011.0,1011.0,1011.0,1011.0,1011.0
199.0,287.0,203.0,315.0,61.0,519.0,419.0,1011.0,799.0,1011.0,1011.0,1011.0,401.0,1011.0,1011.0,1011.0,1011.0,1011.0,1011.0,1011.0,1011.0,1011.0,1011.0,1011.0,1011.0,885.0,1011.0,1011.0,1011.0,1011.0,1011.0,1011.0,1011.0,1011.0,288.0,1011.0,1011.0,1011.0,1011.0,1011.0,1011.0,1011.0,1011.0,1011.0,1011.0,1011.0,1011.0,1011.0,1011.0,468.0,1011.0,1011.0,1011.0,1011.0,1011.0,1011.0,1011.0,1011.0,1011.0,1011.0,1011.0,36.0,201.0,1011.0,1011.0,1011.0,1011.0,1011.0,1011.0,1011.0,1011.0,1011.0,1011.0,1011.0,1011.0,1011.0,853.0,114.0,179.0,296.0,195.0,156.0,166.0,238.0,48.0,10.0,184.0,51.0,771.0,167.0,1011.0,1011.0,1011.0,1011.0,111.0,20.0,472.0,60.0,97.0,194.0
196.0,187.0,142.0,76.0,333.0,212.0,346.0,88.0,843.0,1011.0,1011.0,1011.0,1011.0,1011.0,1011.0,307.0,43.0,1011.0,1011.0,1011.0,1011.0,1011.0,1011.0,1011.0,484.0,123.0,1011.0,1011.0,1011.0,1011.0,1011.0,1011.0,1011.0,1011.0,338.0,1011.0,1011.0,925.0,343.0,1011.0,1011.0,1011.0,55.0,1011.0,1011.0,1011.0,1011.0,1011.0,1011.0,1011.0,1011.0,1011.0,1011.0,1011.0,1011.0,1011.0,1011.0,1011.0,1011.0,1011.0,1011.0,1011.0,1011.0,1011.0,1011.0,1011.0,1011.0,1011.0,1011.0,868.0,1011.0,1011.0,1011.0,390.0,1011.0,1011.0,1011.0,1011.0,1011.0,44.0,1011.0,1011.0,1011.0,1011.0,1011.0,605.0,1011.0,1011.0,1011.0,1011.0,1011.0,1011.0,1011.0,1011.0,1011.0,1011.0,1011.0,1011.0,1011.0,1011.0
93.0,53.0,288.0,255.0,257.0,97.0,233.0,209.0,407.0,578.0,546.0,481.0,1011.0,40.0,1011.0,1011.0,1011.0,1011.0,1011.0,1011.0,1011.0,81.0,1011.0,1011.0,1011.0,1011.0,1011.0,1011.0,1011.0,1011.0,1011.0,1011.0,1011.0,1011.0,1011.0,1011.0,1011.0,220.0,154.0,1011.0,1011.0,1011.0,1011.0,1011.0,1011.0,1011.0,1011.0,1011.0,1011.0,1011.0,1011.0,1011.0,1011.0,1011.0,1011.0,1011.0,870.0,1011.0,1011.0,1011.0,1011.0,1011.0,1011.0,1011.0,1011.0,1011.0,1011.0,1011.0,1011.0,1011.0,542.0,1011.0,1011.0,1011.0,1011.0,1011.0,1011.0,1011.0,1011.0,1011.0,1011.0,1011.0,1011.0,1011.0,1011.0,1011.0,1011.0,1011.0,1011.0,1011.0,1011.0,1011.0,676.0,1011.0,1011.0,1011.0,1011.0,1011.0,1011.0,1011.0
158.0,230.0,181.0,234.0,133.0,124.0,119.0,387.0,335.0,350.0,1011.0,1011.0,1011.0,1011.0,1011.0,913.0,77.0,1011.0,1011.0,1011.0,1011.0,1011.0,1011.0,1011.0,1011.0,1011.0,1011.0,1011.0,1011.0,1011.0,1011.0,1011.0,1011.0,1011.0,1011.0,1011.0,219.0,158.0,188.0,1011.0,1011.0,1011.0,225.0,1011.0,1011.0,1011.0,1011.0,1011.0,472.0,40.0,1011.0,1011.0,1011.0,1011.0,1011.0,814.0,1011.0,1011.0,1011.0,1011.0,1011.0,321.0,1011.0,1011.0,477.0,1011.0,1011.0,1011.0,1011.0,1011.0,1011.0,1011.0,1011.0,1011.0,1011.0,1011.0,1011.0,1011.0,1011.0,293.0,1011.0,1011.0,1011.0,1011.0,1011.0,1011.0,1011.0,1011.0,1011.0,1011.0,1011.0,1011.0,1011.0,196.0,111.0,66.0,1011.0,1011.0,1011.0,1011.0
209.0,234.0,445.0,260.0,578.0,772.0,804.0,1011.0,138.0,1011.0,1011.0,1011.0,1011.0,1011.0,1011.0,1011.0,1011.0,1011.0,1011.0,1011.0,1011.0,1011.0,1011.0,1011.0,1011.0,1011.0,1011.0,1011.0,1011.0,1011.0,981.0,73.0,43.0,1011.0,1011.0,1011.0,1011.0,1011.0,1011.0,1011.0,1011.0,1011.0,1011.0,1011.0,1011.0,1011.0,1011.0,1011.0,1011.0,1011.0,925.0,222.0,183.0,264.0,519.0,114.0,1011.0,1011.0,1011.0,1011.0,1011.0,1011.0,1011.0,1011.0,1011.0,95.0,1011.0,1011.0,1011.0,1011.0,1011.0,1011.0,1011.0,1011.0,1011.0,1011.0,1011.0,1011.0,1011.0,1011.0,1011.0,1011.0,1011.0,1011.0,1011.0,1011.0,1011.0,1011.0,1011.0,1011.0,1011.0,1011.0,1011.0,1011.0,1011.0,1011.0,1011.0,1011.0,1011.0,1011.0
103.0,80.0,80.0,89.0,80.0,95.0,94.0,79.0,86.0,177.0,185.0,203.0,395.0,792.0,91.0,1011.0,1011.0,1011.0,618.0,239.0,34.0,1011.0,1011.0,1011.0,1011.0,1011.0,379.0,1011.0,1011.0,1011.0,1011.0,1011.0,1011.0,1011.0,1011.0,1011.0,1011.0,1011.0,1011.0,1011.0,1011.0,1011.0,1011.0,1011.0,1011.0,1011.0,804.0,1011.0,1011.0,1011.0,1011.0,1011.0,1011.0,157.0,52.0,1011.0,1011.0,1011.0,1011.0,1011.0,1011.0,1011.0,1011.0,1011.0,1011.0,1011.0,1011.0,1011.0,1011.0,1011.0,1011.0,848.0,1011.0,445.0,1011.0,1011.0,1011.0,1011.0,1011.0,1011.0,1011.0,1011.0,1011.0,1011.0,1011.0,1011.0,1011.0,1011.0,1011.0,1011.0,1011.0,1011.0,47.0,332.0,35.0,197.0,75.0,207.0,61.0,1011.0
128.0,90.0,79.0,97.0,106.0,106.0,214.0,297.0,455.0,473.0,1011.0,423.0,1011.0,1011.0,1011.0,1011.0,1011.0,1011.0,1011.0,129.0,1011.0,1011.0,1011.0,1011.0,1011.0,1011.0,1011.0,1011.0,1011.0,1011.0,1011.0,1011.0,985.0,1011.0,1011.0,1011.0,1011.0,1011.0,1011.0,1011.0,1011.0,1011.0,1011.0,1011.0,1011.0,1011.0,913.0,1011.0,1011.0,1011.0,1011.0,1011.0,1011.0,1011.0,1011.0,316.0,165.0,30.0,172.0,58.0,163.0,1011.0,1011.0,1011.0,1011.0,1011.0,1011.0,1011.0,1011.0,1011.0,1011.0,1011.0,1011.0,1011.0,1011.0,1011.0,1011.0,1011.0,1011.0,1011.0,1011.0,1011.0,1011.0,1011.0,1011.0,1011.0,1011.0,1011.0,1011.0,1011.0,885.0,1011.0,1011.0,1011.0,1011.0,1011.0,1011.0,1011.0,1011.0,1011.0
182.0,104.0,191.0,133.0,183.0,292.0,450.0,268.0,1011.0,397.0,1011.0,1011.0,413.0,1011.0,1011.0,1011.0,1011.0,1011.0,1011.0,1011.0,1011.0,1011.0,1011.0,1011.0,1011.0,1011.0,1011.0,1011.0,1011.0,1011.0,1011.0,1011.0,1011.0,1011.0,1011.0,1011.0,1011.0,1011.0,1011.0,1011.0,1011.0,1011.0,1011.0,1011.0,1011.0,1011.0,1011.0,61.0,157.0,1011.0,1011.0,1011.0,1011.0,1011.0,1011.0,1011.0,1011.0,1011.0,1011.0,278.0,193.0,1011.0,1011.0,1011.0,1011.0,1011.0,1011.0,1011.0,1011.0,1011.0,1011.0,1011.0,1011.0,1011.0,1011.0,1011.0,1011.0,1011.0,1011.0,1011.0,1011.0,1011.0,1011.0,1011.0,1011.0,1011.0,1011.0,1011.0,1011.0,987.0,159.0,1011.0,1011.0,1011.0,1011.0,1011.0,99.0,1011.0,1011.0,1011.0
97.0,76.0,122.0,136.0,202.0,215.0,264.0,581.0,1011.0,1011.0,1011.0,1011.0,1011.0,1011.0,140.0,1011.0,823.0,521.0,1011.0,1011.0,1011.0,1011.0,1011.0,122.0,1011.0,1011.0,784.0,1011.0,1011.0,1011.0,1011.0,1011.0,1011.0,1011.0,23.0,166.0,1011.0,1011.0,1011.0,1011.0,1011.0,424.0,1011.0,1011.0,1011.0,1011.0,1011.0,1011.0,1011.0,1011.0,1011.0,1011.0,841.0,1011.0,1011.0,1011.0,202.0,1011.0,1011.0,1011.0,1011.0,1011.0,1011.0,1011.0,1011.0,1011.0,1011.0,1011.0,1011.0,1011.0,363.0,1011.0,617.0,56.0,1011.0,1011.0,1011.0,1011.0,1011.0,1011.0,1011.0,1011.0,1011.0,1011.0,1011.0,1011.0,1011.0,1011.0,1011.0,1011.0,1011.0,1011.0,1011.0,1011.0,1011.0,1011.0,1011.0,1011.0,1011.0,1011.0
161.0,96.0,98.0,141.0,149.0,292.0,248.0,332.0,372.0,649.0,1011.0,331.0,1011.0,1011.0,1011.0,1011.0,1011.0,1011.0,709.0,1011.0,1011.0,1011.0,1011.0,1011.0,1011.0,1011.0,1011.0,1011.0,1011.0,1011.0,1011.0,193.0,1011.0,1011.0,111.0,178.0,143.0,55.0,1011.0,1011.0,1011.0,1011.0,1011.0,1011.0,1011.0,1011.0,586.0,1011.0,1011.0,1011.0,1011.0,1011.0,1011.0,1011.0,1011.0,1011.0,1011.0,1011.0,1011.0,1011.0,1011.0,1011.0,1011.0,1011.0,1011.0,1011.0,1011.0,1011.0,1011.0,1011.0,1011.0,1011.0,1011.0,1011.0,1011.0,1011.0,1011.0,1011.0,1011.0,881.0,324.0,69.0,702.0,1011.0,1011.0,1011.0,1011.0,1011.0,1011.0,1011.0,1011.0,284.0,1011.0,1011.0,1011.0,935.0,1011.0,1011.0,1011.0,1011.0
144.0,86.0,99.0,86.0,74.0,84.0,92.0,74.0,205.0,112.0,66.0,79.0,205.0,419.0,405.0,1011.0,1011.0,831.0,1011.0,1011.0,1011.0,1011.0,1011.0,1011.0,1011.0,1011.0,1011.0,1011.0,592.0,1011.0,1011.0,1011.0,1011.0,1011.0,1011.0,1011.0,1011.0,1011.0,1011.0,1011.0,1011.0,1011.0,1011.0,1011.0,1011.0,1011.0,970.0,411.0,1011.0,1011.0,1011.0,1011.0,1011.0,1011.0,1011.0,1011.0,1011.0,1011.0,1011.0,1011.0,1011.0,1011.0,1011.0,1011.0,1011.0,1011.0,1011.0,1011.0,1011.0,1011.0,1011.0,1011.0,1011.0,1011.0,193.0,1011.0,1011.0,1011.0,1011.0,1011.0,1011.0,1011.0,1011.0,1011.0,1011.0,1011.0,1011.0,1011.0,1011.0,1011.0,1011.0,1011.0,1011.0,211.0,365.0,148.0,182.0,57.0,1011.0,1011.0
346.0,95.0,103.0,118.0,103.0,325.0,119.0,183.0,113.0,68.0,52.0,75.0,1011.0,1011.0,1011.0,1011.0,1011.0,1011.0,1011.0,1011.0,1011.0,1011.0,123.0,138.0,1011.0,1011.0,1011.0,1011.0,1011.0,1011.0,1011.0,1011.0,1011.0,1011.0,1011.0,1011.0,1011.0,1011.0,1011.0,1011.0,1011.0,1011.0,1011.0,1011.0,1011.0,104.0,1011.0,1011.0,1011.0,1011.0,1011.0,1011.0,1011.0,1011.0,1011.0,996.0,1011.0,1011.0,1011.0,1011.0,1011.0,1011.0,1011.0,1011.0,1011.0,1011.0,1011.0,1011.0,1011.0,1011.0,1011.0,1011.0,1011.0,1011.0,1011.0,284.0,1011.0,1011.0,1011.0,1011.0,1011.0,1011.0,1011.0,1011.0,1011.0,1011.0,1011.0,1011.0,1011.0,1011.0,1011.0,1011.0,1011.0,981.0,1011.0,1011.0,1011.0,1011.0,1011.0,1011.0
87.0,82.0,74.0,71.0,169.0,104.0,101.0,92.0,258.0,294.0,233.0,223.0,143.0,186.0,204.0,246.0,172.0,187.0,1011.0,1011.0,1011.0,1011.0,1011.0,1011.0,1011.0,1011.0,1011.0,1011.0,617.0,127.0,340.0,46.0,167.0,227.0,309.0,89.0,1011.0,1011.0,1011.0,1011.0,1011.0,1011.0,1011.0,1011.0,1011.0,1011.0,1011.0,1011.0,1011.0,287.0,1011.0,1011.0,1011.0,1011.0,1011.0,1011.0,1011.0,1011.0,1011.0,1011.0,1011.0,1011.0,1011.0,1011.0,1011.0,1011.0,1011.0,1011.0,1011.0,1011.0,1011.0,1011.0,1011.0,1011.0,1011.0,1011.0,1011.0,93.0,1011.0,366.0,1011.0,1011.0,1011.0,1011.0,1011.0,966.0,1011.0,1011.0,1011.0,1011.0,1011.0,1011.0,1011.0,1011.0,1011.0,1011.0,1011.0,1011.0,1011.0,1011.0
92.0,80.0,80.0,57.0,212.0,261.0,261.0,115.0,210.0,1011.0,786.0,1011.0,1011.0,1011.0,1011.0,1011.0,1011.0,1011.0,922.0,1011.0,1011.0,1011.0,1011.0,1011.0,1011.0,1011.0,1011.0,1011.0,1011.0,1011.0,1011.0,1011.0,1011.0,1011.0,1011.0,1011.0,1011.0,1011.0,1011.0,1011.0,1011.0,1011.0,1011.0,1011.0,711.0,1011.0,120.0,10.0,259.0,370.0,824.0,1011.0,1011.0,1011.0,1011.0,1011.0,1011.0,1011.0,603.0,169.0,270.0,1011.0,1011.0,1011.0,1011.0,1011.0,1011.0,1011.0,1011.0,1011.0,1011.0,1011.0,1011.0,1011.0,1011.0,1011.0,1011.0,1011.0,1011.0,298.0,125.0,82.0,1011.0,1011.0,1011.0,1011.0,1011.0,1011.0,1011.0,455.0,1011.0,266.0,25.0,1011.0,1011.0,432.0,28.0,1011.0,1011.0,1011.0
111.0,177.0,171.0,176.0,175.0,112.0,88.0,264.0,637.0,1011.0,1011.0,433.0,1011.0,1011.0,1011.0,1011.0,1011.0,1011.0,1011.0,1011.0,1011.0,1011.0,1011.0,86.0,1011.0,1011.0,1011.0,1011.0,1011.0,1011.0,1011.0,1011.0,1011.0,1011.0,1011.0,1011.0,177.0,1011.0,1011.0,1011.0,1011.0,1011.0,171.0,1011.0,1011.0,1011.0,1011.0,1011.0,1011.0,1011.0,1011.0,1011.0,1011.0,1011.0,1011.0,1011.0,1011.0,1011.0,1011.0,189.0,1011.0,1011.0,1011.0,209.0,1011.0,501.0,1011.0,1011.0,1011.0,1011.0,1011.0,1011.0,1011.0,1011.0,1011.0,1011.0,1011.0,1011.0,1011.0,1011.0,1011.0,1011.0,1011.0,1011.0,1011.0,1011.0,1011.0,1011.0,1011.0,1011.0,1011.0,1011.0,978.0,1011.0,1011.0,1011.0,1011.0,1011.0,1011.0,1011.0
180.0,75.0,184.0,121.0,149.0,203.0,518.0,1011.0,1011.0,1011.0,1011.0,1011.0,1011.0,1011.0,1011.0,1011.0,1011.0,982.0,1011.0,1011.0,1011.0,1011.0,1011.0,1011.0,1011.0,1011.0,1011.0,1011.0,1011.0,1011.0,1011.0,1011.0,1011.0,1011.0,1011.0,1011.0,1011.0,1011.0,1011.0,1011.0,1011.0,1011.0,1011.0,1011.0,1011.0,1011.0,1011.0,1011.0,1011.0,1011.0,1011.0,1011.0,1011.0,998.0,166.0,387.0,150.0,1011.0,1011.0,1011.0,1011.0,1011.0,1011.0,1011.0,1011.0,1011.0,1011.0,707.0,1011.0,1011.0,1011.0,1011.0,1011.0,263.0,1011.0,1011.0,1011.0,1011.0,1011.0,1011.0,1011.0,1011.0,1011.0,1011.0,1011.0,1011.0,1011.0,1011.0,1011.0,482.0,1011.0,38.0,1011.0,1011.0,1011.0,1011.0,1011.0,1011.0,1011.0,1011.0
182.0,94.0,103.0,102.0,73.0,147.0,123.0,246.0,370.0,274.0,1011.0,661.0,357.0,643.0,1011.0,1011.0,1011.0,1011.0,1011.0,1011.0,1011.0,1011.0,1011.0,670.0,1011.0,1011.0,1011.0,1011.0,1011.0,1011.0,1011.0,1011.0,1011.0,1011.0,1011.0,1011.0,1011.0,1011.0,1011.0,1011.0,1011.0,1011.0,1011.0,1011.0,851.0,150.0,1011.0,142.0,129.0,1011.0,1011.0,1011.0,1011.0,1011.0,1011.0,1011.0,1011.0,1011.0,1011.0,1011.0,1011.0,1011.0,1011.0,1011.0,1011.0,1011.0,1011.0,1011.0,1011.0,1011.0,1011.0,1011.0,1011.0,1011.0,1011.0,1011.0,1011.0,1011.0,1011.0,1011.0,1011.0,1011.0,813.0,1011.0,1011.0,1011.0,1011.0,1011.0,941.0,1011.0,1011.0,1011.0,1011.0,559.0,1011.0,1011.0,1011.0,1011.0,1011.0,1011.0
185.0,185.0,106.0,104.0,79.0,110.0,229.0,249.0,155.0,320.0,91.0,71.0,431.0,988.0,1011.0,1011.0,1011.0,1011.0,1011.0,1011.0,1011.0,1011.0,1011.0,1011.0,1011.0,1011.0,1011.0,1011.0,44.0,47.0,1011.0,1011.0,1011.0,1011.0,22.0,1011.0,1011.0,1011.0,1011.0,1011.0,1011.0,1011.0,1011.0,1011.0,1011.0,1011.0,1011.0,1011.0,1011.0,1011.0,1011.0,1011.0,1011.0,1011.0,1011.0,1011.0,1011.0,1011.0,1011.0,1011.0,676.0,355.0,593.0,1011.0,1011.0,1011.0,1011.0,1011.0,1011.0,1011.0,1011.0,1011.0,1011.0,164.0,163.0,56.0,147.0,819.0,499.0,13.0,552.0,12.0,16.0,1011.0,1011.0,1011.0,1011.0,1011.0,1011.0,1011.0,1011.0,1011.0,1011.0,1011.0,1011.0,1011.0,1011.0,1011.0,1011.0,1011.0
120.0,89.0,81.0,158.0,83.0,161.0,239.0,100.0,323.0,701.0,194.0,1011.0,1011.0,1011.0,1011.0,1011.0,1011.0,1011.0,1011.0,670.0,1011.0,1011.0,1011.0,1011.0,1011.0,1011.0,1011.0,1011.0,1011.0,1011.0,1011.0,1011.0,415.0,157.0,1011.0,984.0,1011.0,550.0,1011.0,1011.0,1011.0,1011.0,1011.0,1011.0,1011.0,1011.0,403.0,1011.0,1011.0,1011.0,1011.0,1011.0,1011.0,1011.0,1011.0,1011.0,1011.0,1011.0,1011.0,1011.0,975.0,1011.0,1011.0,1011.0,1011.0,1011.0,1011.0,1011.0,1011.0,1011.0,1011.0,1011.0,1011.0,1011.0,1011.0,1011.0,1011.0,1011.0,1011.0,1011.0,1011.0,1011.0,1011.0,1011.0,1011.0,1011.0,1011.0,1011.0,1011.0,1011.0,1011.0,1011.0,1011.0,1011.0,1011.0,1011.0,1011.0,1011.0,1011.0,421.0
311.0,184.0,202.0,291.0,272.0,595.0,118.0,127.0,850.0,1011.0,1011.0,1011.0,1011.0,1011.0,1011.0,261.0,1011.0,1011.0,1011.0,1011.0,1011.0,1011.0,1011.0,575.0,1011.0,1011.0,1011.0,1011.0,1011.0,1011.0,1011.0,1011.0,1011.0,1011.0,1011.0,1011.0,1011.0,1011.0,1011.0,1011.0,1011.0,64.0,1011.0,1011.0,763.0,1011.0,1011.0,1011.0,1011.0,1011.0,1011.0,1011.0,1011.0,1011.0,1011.0,1011.0,1011.0,1011.0,1011.0,1011.0,1011.0,1011.0,1011.0,1011.0,1011.0,790.0,1011.0,1011.0,1011.0,840.0,176.0,1011.0,1011.0,1011.0,1011.0,1011.0,1011.0,1011.0,1011.0,1011.0,1011.0,1011.0,1011.0,1011.0,1011.0,1011.0,1011.0,1011.0,1011.0,1011.0,1011.0,1011.0,1011.0,1011.0,1011.0,1011.0,1011.0,1011.0,1011.0,1011.0
141.0,125.0,198.0,105.0,85.0,87.0,87.0,113.0,176.0,97.0,99.0,217.0,271.0,67.0,173.0,1011.0,240.0,1011.0,1011.0,1011.0,1011.0,1011.0,1011.0,1011.0,1011.0,1011.0,1011.0,1011.0,655.0,1011.0,1011.0,1011.0,729.0,104.0,114.0,244.0,242.0,1011.0,1011.0,1011.0,1011.0,1011.0,1011.0,1011.0,1011.0,406.0,1011.0,1011.0,1011.0,1011.0,1011.0,1011.0,1011.0,1011.0,1011.0,1011.0,1011.0,1011.0,1011.0,1011.0,1011.0,1011.0,1011.0,1011.0,1011.0,1011.0,1011.0,1011.0,1011.0,1011.0,1011.0,1011.0,1011.0,1011.0,1011.0,611.0,1011.0,1011.0,1011.0,1011.0,1011.0,1011.0,1011.0,304.0,1011.0,1011.0,699.0,1011.0,1011.0,1011.0,962.0,170.0,38.0,53.0,202.0,1011.0,452.0,914.0,111.0,61.0
241.0,182.0,130.0,157.0,292.0,274.0,313.0,1011.0,1011.0,792.0,322.0,1011.0,114.0,1011.0,1011.0,1011.0,1011.0,1011.0,1011.0,1011.0,1011.0,1011.0,1011.0,1011.0,1011.0,1011.0,1011.0,1011.0,624.0,107.0,1011.0,1011.0,168.0,92.0,1011.0,1011.0,1011.0,1011.0,1011.0,957.0,88.0,570.0,1011.0,1011.0,1011.0,1011.0,1011.0,1011.0,1011.0,1011.0,1011.0,1011.0,1011.0,445.0,1011.0,1011.0,1011.0,1011.0,1011.0,1011.0,1011.0,1011.0,1011.0,1011.0,1011.0,1011.0,1011.0,1011.0,1011.0,1011.0,1011.0,1011.0,1011.0,1011.0,1011.0,1011.0,1011.0,1011.0,895.0,228.0,171.0,126.0,439.0,23.0,1011.0,1011.0,1011.0,1011.0,1011.0,1011.0,1011.0,1011.0,1011.0,1011.0,1011.0,1011.0,1011.0,1011.0,1011.0,1011.0
153.0,248.0,89.0,184.0,133.0,168.0,411.0,493.0,530.0,721.0,1011.0,1011.0,1011.0,1011.0,1011.0,1011.0,1011.0,1011.0,1011.0,1011.0,1011.0,1011.0,1011.0,1011.0,1011.0,1011.0,1011.0,28.0,1011.0,1011.0,1011.0,423.0,1011.0,1011.0,1011.0,1011.0,1011.0,1011.0,1011.0,1011.0,1011.0,1011.0,1011.0,1011.0,1011.0,1011.0,1011.0,1011.0,1011.0,1011.0,1011.0,1011.0,965.0,1011.0,1011.0,1011.0,1011.0,1011.0,1011.0,1011.0,1011.0,1011.0,1011.0,1011.0,1011.0,1011.0,1011.0,1011.0,1011.0,1011.0,951.0,1011.0,1011.0,1011.0,1011.0,1011.0,1011.0,950.0,1011.0,1011.0,1011.0,304.0,162.0,124.0,1011.0,1011.0,1011.0,1011.0,1011.0,1011.0,1011.0,1011.0,1011.0,1011.0,1011.0,74.0,1011.0,1011.0,1011.0,230.0
136.0,96.0,98.0,96.0,88.0,96.0,79.0,79.0,85.0,91.0,475.0,452.0,1011.0,493.0,1011.0,744.0,1011.0,1011.0,1011.0,33.0,1011.0,1011.0,1011.0,1011.0,1011.0,1011.0,1011.0,1011.0,1011.0,1011.0,705.0,56.0,640.0,191.0,1011.0,1011.0,1011.0,1011.0,1011.0,1011.0,1011.0,1011.0,1011.0,1011.0,1011.0,1011.0,1011.0,1011.0,1011.0,1011.0,1011.0,789.0,1011.0,1011.0,1011.0,1011.0,1011.0,1011.0,1011.0,1011.0,1011.0,1011.0,1011.0,1011.0,1011.0,334.0,501.0,1011.0,1011.0,1011.0,1011.0,675.0,1011.0,1011.0,1011.0,1011.0,1011.0,1011.0,1011.0,1011.0,1011.0,1011.0,1011.0,1011.0,1011.0,1011.0,1011.0,1011.0,1011.0,1011.0,1011.0,1011.0,670.0,1011.0,1011.0,1011.0,1011.0,1011.0,1011.0,1011.0
115.0,189.0,48.0,181.0,150.0,94.0,172.0,178.0,114.0,568.0,405.0,1011.0,1011.0,1011.0,1011.0,1011.0,1011.0,1011.0,1011.0,1011.0,81.0,1011.0,1011.0,1011.0,1011.0,1011.0,1011.0,1011.0,1011.0,1011.0,1011.0,410.0,1011.0,1011.0,1011.0,1011.0,1011.0,1011.0,914.0,1011.0,1011.0,1011.0,1011.0,1011.0,1011.0,1011.0,1011.0,1011.0,1011.0,1011.0,1011.0,1011.0,1011.0,1011.0,1011.0,1011.0,1011.0,1011.0,1011.0,1011.0,1011.0,1011.0,690.0,325.0,1011.0,1011.0,522.0,1011.0,1011.0,1011.0,1011.0,1011.0,1011.0,1011.0,319.0,16.0,1011.0,1011.0,1011.0,1011.0,1011.0,1011.0,1011.0,1011.0,1011.0,1011.0,1011.0,1011.0,1011.0,1011.0,1011.0,1011.0,1011.0,1011.0,1011.0,1011.0,1011.0,783.0,1011.0,1011.0
162.0,122.0,200.0,98.0,174.0,252.0,133.0,238.0,186.0,357.0,1011.0,1011.0,1011.0,1011.0,1011.0,1011.0,1011.0,1011.0,1011.0,1011.0,1011.0,1011.0,1011.0,1011.0,1011.0,1011.0,1011.0,1011.0,1011.0,1011.0,1011.0,1011.0,1011.0,1011.0,1011.0,1011.0,1011.0,1011.0,1011.0,1011.0,1011.0,1011.0,1011.0,1011.0,1011.0,1011.0,1011.0,1011.0,1011.0,1011.0,1011.0,1011.0,1011.0,1011.0,1011.0,1011.0,1011.0,1011.0,394.0,1011.0,1011.0,1011.0,1011.0,885.0,1011.0,1011.0,1011.0,1011.0,1011.0,1011.0,1011.0,921.0,324.0,822.0,323.0,1011.0,1011.0,1011.0,1011.0,1011.0,1011.0,1011.0,1011.0,1011.0,1011.0,1011.0,1011.0,1011.0,1011.0,1011.0,1011.0,1011.0,1011.0,1011.0,1011.0,1011.0,826.0,1011.0,1011.0,1011.0
120.0,196.0,292.0,270.0,187.0,628.0,415.0,1011.0,1011.0,1011.0,1011.0,1011.0,1011.0,1011.0,1011.0,1011.0,1011.0,1011.0,1011.0,1011.0,1011.0,1011.0,1011.0,1011.0,1011.0,1011.0,1011.0,1011.0,1011.0,1011.0,1011.0,1011.0,1011.0,1011.0,1011.0,1011.0,1011.0,1011.0,1011.0,1011.0,1011.0,1011.0,1011.0,1011.0,1011.0,1011.0,1011.0,1011.0,1011.0,1011.0,1011.0,1011.0,1011.0,1011.0,1011.0,1011.0,1011.0,1011.0,1011.0,1011.0,1011.0,1011.0,1011.0,1011.0,1011.0,1011.0,1011.0,1011.0,1011.0,1011.0,1011.0,1011.0,1011.0,1011.0,1011.0,1011.0,1011.0,1011.0,323.0,83.0,301.0,1011.0,1011.0,1011.0,357.0,1011.0,1011.0,1011.0,1011.0,1011.0,1011.0,1011.0,1011.0,1011.0,1011.0,587.0,1011.0,1011.0,1011.0,1011.0
196.0,201.0,172.0,92.0,101.0,263.0,189.0,182.0,376.0,468.0,37.0,1011.0,1011.0,254.0,1011.0,1011.0,1011.0,1011.0,1011.0,1011.0,1011.0,1011.0,1011.0,1011.0,1011.0,1011.0,1011.0,1011.0,1011.0,1011.0,1011.0,1011.0,1011.0,633.0,102.0,1011.0,1011.0,1011.0,413.0,1011.0,1011.0,1011.0,1011.0,1011.0,552.0,138.0,1011.0,1011.0,1011.0,1011.0,1011.0,1011.0,1011.0,1011.0,1011.0,353.0,299.0,1011.0,1011.0,1011.0,1011.0,1011.0,1011.0,1011.0,1011.0,1011.0,1011.0,1011.0,1011.0,1011.0,1011.0,1011.0,1011.0,1011.0,1011.0,1011.0,1011.0,1011.0,1011.0,1011.0,1011.0,1011.0,1011.0,1011.0,1011.0,1011.0,1011.0,1011.0,1011.0,1011.0,1011.0,1011.0,1011.0,1011.0,1011.0,1011.0,1011.0,1011.0,1011.0,1011.0
128.0,80.0,146.0,83.0,167.0,267.0,190.0,335.0,346.0,721.0,341.0,191.0,1011.0,1011.0,1011.0,1011.0,1011.0,1011.0,1011.0,1011.0,1011.0,1011.0,1011.0,98.0,145.0,1011.0,1011.0,1011.0,1011.0,1011.0,1011.0,1011.0,1011.0,890.0,1011.0,1011.0,1011.0,1011.0,1011.0,1011.0,1011.0,1011.0,1011.0,1011.0,1011.0,1011.0,1011.0,1011.0,1011.0,783.0,1011.0,1011.0,1011.0,1011.0,1011.0,1011.0,1011.0,1011.0,866.0,177.0,1011.0,1011.0,1011.0,1011.0,1011.0,1011.0,1011.0,286.0,117.0,1011.0,1011.0,1011.0,1011.0,1011.0,65.0,1011.0,1011.0,1011.0,1011.0,1011.0,1011.0,573.0,1011.0,1011.0,1011.0,920.0,1011.0,1011.0,1011.0,1011.0,1011.0,1011.0,1011.0,1011.0,1011.0,1011.0,1011.0,1011.0,1011.0,1011.0
141.0,105.0,179.0,92.0,117.0,286.0,173.0,271.0,105.0,375.0,1011.0,1011.0,258.0,266.0,137.0,1011.0,1011.0,1011.0,1011.0,1011.0,84.0,1011.0,1011.0,1011.0,1011.0,1011.0,1011.0,1011.0,1011.0,1011.0,1011.0,1011.0,805.0,190.0,1011.0,1011.0,1011.0,1011.0,1011.0,1011.0,742.0,31.0,207.0,1011.0,1011.0,1011.0,1011.0,1011.0,1011.0,1011.0,1011.0,1011.0,1011.0,1011.0,1011.0,1011.0,1011.0,1011.0,1011.0,1011.0,1011.0,1011.0,628.0,603.0,200.0,1011.0,1011.0,1011.0,1011.0,1011.0,1011.0,1011.0,1011.0,1011.0,1011.0,1011.0,1011.0,1011.0,1011.0,1011.0,1011.0,1011.0,1011.0,1011.0,1011.0,1011.0,1011.0,1011.0,1011.0,1011.0,1011.0,1011.0,1011.0,1011.0,1011.0,1011.0,1011.0,422.0,1011.0,1011.0
85.0,87.0,81.0,164.0,139.0,98.0,196.0,95.0,171.0,91.0,83.0,200.0,535.0,100.0,97.0,76.0,834.0,503.0,319.0,183.0,756.0,1011.0,1011.0,1011.0,1011.0,1011.0,1011.0,108.0,1011.0,1011.0,261.0,81.0,1011.0,1011.0,1011.0,1011.0,479.0,109.0,1011.0,1011.0,1011.0,1011.0,1011.0,1011.0,1011.0,1011.0,1011.0,1011.0,1011.0,1011.0,133.0,1011.0,1011.0,1011.0,1011.0,1011.0,1011.0,1011.0,1011.0,1011.0,1011.0,1011.0,1011.0,1011.0,1011.0,1011.0,1011.0,1011.0,1011.0,1011.0,1011.0,211.0,65.0,1011.0,1011.0,1011.0,1011.0,1011.0,1011.0,1011.0,1011.0,1011.0,1011.0,1011.0,1011.0,1011.0,700.0,1011.0,1011.0,1011.0,1011.0,1011.0,1011.0,1011.0,1011.0,723.0,350.0,39.0,146.0,37.0
192.0,97.0,132.0,115.0,103.0,98.0,247.0,184.0,349.0,1011.0,1011.0,1011.0,1011.0,1011.0,1011.0,1011.0,1011.0,1011.0,1011.0,1011.0,1011.0,1011.0,1011.0,1011.0,1011.0,1011.0,1011.0,1011.0,1011.0,1011.0,1011.0,528.0,1011.0,1011.0,1011.0,1011.0,1011.0,1011.0,1011.0,1011.0,1011.0,78.0,241.0,263.0,124.0,1011.0,1011.0,1011.0,1011.0,1011.0,1011.0,1011.0,1011.0,1011.0,1011.0,1011.0,1011.0,1011.0,1011.0,1011.0,1011.0,1011.0,1011.0,794.0,292.0,59.0,1011.0,1011.0,1011.0,1011.0,1011.0,1011.0,312.0,1011.0,1011.0,1011.0,1011.0,1011.0,1011.0,1011.0,1011.0,1011.0,1011.0,1011.0,1011.0,1011.0,1011.0,1011.0,1011.0,1011.0,1011.0,1011.0,1011.0,1011.0,1011.0,1011.0,1011.0,1011.0,1011.0,1011.0
100.0,260.0,97.0,101.0,207.0,310.0,300.0,88.0,113.0,84.0,83.0,87.0,80.0,83.0,132.0,330.0,1011.0,1011.0,427.0,1011.0,1011.0,1011.0,694.0,1011.0,1011.0,1011.0,716.0,1011.0,1011.0,1011.0,1011.0,1011.0,1011.0,1011.0,1011.0,1011.0,1011.0,1011.0,200.0,1011.0,1011.0,1011.0,1011.0,1011.0,1011.0,1011.0,1011.0,1011.0,1011.0,1011.0,1011.0,1011.0,1011.0,1011.0,1011.0,1011.0,1011.0,1011.0,1011.0,1011.0,1011.0,282.0,40.0,221.0,1011.0,1011.0,913.0,1011.0,1011.0,1011.0,1011.0,1011.0,1011.0,1011.0,1011.0,798.0,1011.0,1011.0,1011.0,1011.0,1011.0,1011.0,1011.0,1011.0,1011.0,1011.0,1011.0,1011.0,1011.0,1011.0,1011.0,1011.0,1011.0,1011.0,1011.0,1011.0,1011.0,1011.0,1011.0,1011.0
197.0,123.0,195.0,185.0,180.0,244.0,204.0,351.0,491.0,1011.0,1011.0,1011.0,1011.0,1011.0,1011.0,1011.0,1011.0,1011.0,1011.0,834.0,1011.0,1011.0,1011.0,877.0,142.0,1011.0,1011.0,1011.0,1011.0,1011.0,1011.0,1011.0,1011.0,1011.0,1011.0,1011.0,134.0,68.0,1011.0,1011.0,1011.0,1011.0,1011.0,1011.0,1011.0,1011.0,1011.0,1011.0,1011.0,1011.0,1011.0,30.0,190.0,1011.0,1011.0,1011.0,1011.0,1011.0,1011.0,1011.0,1011.0,1011.0,1011.0,1011.0,1011.0,1011.0,1011.0,1011.0,1011.0,1011.0,1011.0,1011.0,1011.0,1011.0,1011.0,1011.0,1011.0,206.0,1011.0,1011.0,1011.0,1011.0,793.0,1011.0,1011.0,696.0,1011.0,1011.0,1011.0,1011.0,1011.0,1011.0,1011.0,1011.0,1011.0,1011.0,1011.0,1011.0,1011.0,1011.0
130.0,93.0,81.0,107.0,89.0,100.0,206.0,347.0,524.0,110.0,94.0,1011.0,346.0,1011.0,1011.0,1011.0,1011.0,1011.0,1011.0,1011.0,1011.0,1011.0,1011.0,1011.0,1011.0,1011.0,1011.0,1011.0,1011.0,1011.0,1011.0,308.0,1011.0,1011.0,1011.0,1011.0,1011.0,1011.0,1011.0,1011.0,1011.0,1011.0,1011.0,1011.0,1011.0,1011.0,1011.0,1011.0,1011.0,1011.0,1011.0,1011.0,1011.0,1011.0,1011.0,857.0,1011.0,1011.0,1011.0,1011.0,1011.0,1011.0,1011.0,283.0,598.0,202.0,226.0,1011.0,1011.0,1011.0,1011.0,1011.0,1011.0,1011.0,1011.0,1011.0,1011.0,1011.0,1011.0,1011.0,1011.0,1011.0,1011.0,1011.0,1011.0,1011.0,1011.0,1011.0,1011.0,1011.0,1011.0,632.0,51.0,1011.0,1011.0,1011.0,863.0,1011.0,1011.0,1011.0
136.0,226.0,228.0,212.0,325.0,403.0,180.0,645.0,191.0,34.0,210.0,505.0,1011.0,1011.0,1011.0,1011.0,1011.0,1011.0,1011.0,1011.0,1011.0,1011.0,1011.0,1011.0,1011.0,1011.0,1011.0,1011.0,1011.0,131.0,217.0,73.0,184.0,1011.0,1011.0,1011.0,1011.0,1011.0,1011.0,1011.0,1011.0,1011.0,1011.0,1011.0,1011.0,1011.0,1011.0,1011.0,807.0,1011.0,1011.0,1011.0,1011.0,1011.0,1011.0,1011.0,1011.0,1011.0,1011.0,1011.0,1011.0,1011.0,1011.0,1011.0,1011.0,1011.0,1011.0,1011.0,1011.0,1011.0,1011.0,1011.0,1011.0,947.0,193.0,32.0,162.0,227.0,1011.0,1011.0,636.0,1011.0,1011.0,1011.0,1011.0,1011.0,1011.0,1011.0,1011.0,1011.0,29.0,970.0,1011.0,1011.0,1011.0,1011.0,1011.0,1011.0,1011.0,611.0
133.0,90.0,117.0,124.0,105.0,74.0,216.0,314.0,442.0,409.0,487.0,142.0,325.0,1011.0,1011.0,1011.0,1011.0,1011.0,1011.0,1011.0,1011.0,977.0,1011.0,1011.0,1011.0,1011.0,1011.0,1011.0,517.0,235.0,142.0,1011.0,1011.0,1011.0,1011.0,1011.0,1011.0,997.0,1011.0,1011.0,1011.0,1011.0,1011.0,1011.0,1011.0,1011.0,1011.0,1011.0,1011.0,154.0,1011.0,1011.0,379.0,148.0,1011.0,1011.0,1011.0,307.0,214.0,1011.0,1011.0,1011.0,1011.0,1011.0,1011.0,1011.0,1011.0,1011.0,1011.0,1011.0,1011.0,1011.0,1011.0,1011.0,1011.0,1011.0,1011.0,1011.0,1011.0,384.0,1011.0,1011.0,1011.0,1011.0,1011.0,1011.0,1011.0,205.0,1011.0,1011.0,1011.0,1011.0,1011.0,1011.0,1011.0,1011.0,1011.0,771.0,1011.0,208.0
209.0,202.0,124.0,166.0,114.0,188.0,344.0,579.0,309.0,1011.0,1011.0,1011.0,1011.0,1011.0,235.0,1011.0,1011.0,1011.0,1011.0,1011.0,1011.0,45.0,1011.0,1011.0,1011.0,1011.0,1011.0,1011.0,1011.0,1011.0,1011.0,1011.0,1011.0,1011.0,1011.0,461.0,1011.0,1011.0,1011.0,1011.0,1011.0,1011.0,1011.0,1011.0,1011.0,1011.0,1011.0,1011.0,1011.0,1011.0,1011.0,1011.0,1011.0,1011.0,1011.0,1011.0,1011.0,1011.0,1011.0,1011.0,1011.0,1011.0,1011.0,1011.0,419.0,148.0,1011.0,1011.0,1011.0,1011.0,1011.0,1011.0,1011.0,1011.0,1011.0,1011.0,1011.0,228.0,1011.0,1011.0,1011.0,1011.0,1011.0,1011.0,1011.0,1011.0,1011.0,1011.0,1011.0,1011.0,1011.0,1011.0,1011.0,1011.0,1011.0,1011.0,1011.0,1011.0,1011.0,1011.0
214.0,145.0,76.0,84.0,221.0,454.0,459.0,104.0,665.0,331.0,1011.0,606.0,99.0,1011.0,1011.0,1011.0,1011.0,1011.0,1011.0,613.0,1011.0,1011.0,1011.0,1011.0,1011.0,1011.0,1011.0,1011.0,1011.0,1011.0,1011.0,1011.0,860.0,1011.0,1011.0,1011.0,1011.0,1011.0,1011.0,1011.0,1011.0,1011.0,1011.0,452.0,203.0,646.0,138.0,1011.0,1011.0,1011.0,1011.0,1011.0,1011.0,1011.0,1011.0,1011.0,1011.0,550.0,171.0,1011.0,1011.0,1011.0,1011.0,1011.0,1011.0,1011.0,1011.0,1011.0,1011.0,1011.0,1011.0,1011.0,1011.0,281.0,296.0,244.0,1011.0,1011.0,526.0,204.0,40.0,56.0,44.0,152.0,54.0,8.0,56.0,15.0,35.0,15.0,52.0,7.0,8.0,11.0,8.0,8.0,8.0,8.0,13.0,21.0
208.0,131.0,78.0,81.0,74.0,237.0,281.0,116.0,556.0,813.0,145.0,1011.0,1011.0,1011.0,1011.0,1011.0,180.0,1011.0,1011.0,1011.0,1011.0,1011.0,1011.0,1011.0,86.0,1011.0,1011.0,1011.0,1011.0,1011.0,1011.0,1011.0,447.0,1011.0,1011.0,1011.0,1011.0,1011.0,1011.0,1011.0,1011.0,1011.0,1011.0,1011.0,1011.0,1011.0,1011.0,1011.0,1011.0,1011.0,521.0,152.0,1011.0,1011.0,1011.0,1011.0,1011.0,1011.0,1011.0,1011.0,172.0,88.0,56.0,1011.0,1011.0,1011.0,1011.0,1011.0,1011.0,1011.0,1011.0,1011.0,1011.0,1011.0,1011.0,1011.0,1011.0,1011.0,1011.0,1011.0,1011.0,1011.0,1011.0,1011.0,1011.0,1011.0,945.0,1011.0,1011.0,1011.0,1011.0,1011.0,1011.0,1011.0,1011.0,1011.0,1011.0,1011.0,1011.0,1011.0
128.0,183.0,119.0,84.0,115.0,102.0,60.0,243.0,262.0,116.0,84.0,410.0,1011.0,1011.0,1011.0,300.0,146.0,1011.0,306.0,1011.0,1011.0,1011.0,1011.0,1011.0,1011.0,1011.0,1011.0,1011.0,1011.0,1011.0,1011.0,1011.0,1011.0,1011.0,1011.0,1011.0,1011.0,1011.0,1011.0,1011.0,1011.0,1011.0,1011.0,1011.0,1011.0,1011.0,1011.0,1011.0,1011.0,1011.0,1011.0,1011.0,1011.0,1011.0,1011.0,1011.0,1011.0,1011.0,1011.0,934.0,161.0,110.0,250.0,536.0,45.0,101.0,648.0,1011.0,1011.0,1011.0,1011.0,1011.0,1011.0,1011.0,1011.0,1011.0,1011.0,1011.0,1011.0,1011.0,1011.0,1011.0,1011.0,1011.0,254.0,340.0,51.0,476.0,30.0,35.0,38.0,43.0,7.0,9.0,7.0,7.0,24.0,11.0,7.0,8.0
188.0,168.0,88.0,80.0,53.0,161.0,177.0,98.0,208.0,603.0,569.0,1005.0,1011.0,1011.0,1011.0,1011.0,235.0,1011.0,1011.0,1011.0,806.0,1011.0,1011.0,1011.0,1011.0,1011.0,1011.0,1011.0,1011.0,1011.0,1011.0,1011.0,1011.0,1011.0,1011.0,1011.0,1011.0,1011.0,1011.0,1011.0,1011.0,1011.0,727.0,215.0,684.0,1011.0,1011.0,651.0,30.0,1011.0,1011.0,1011.0,1011.0,1011.0,1011.0,1011.0,1011.0,1011.0,1011.0,1011.0,1011.0,1011.0,570.0,18.0,1011.0,1011.0,1011.0,1011.0,1011.0,1011.0,1011.0,1011.0,1011.0,505.0,56.0,55.0,48.0,123.0,27.0,27.0,202.0,27.0,20.0,316.0,132.0,214.0,334.0,1011.0,1011.0,142.0,1011.0,98.0,1011.0,1011.0,1011.0,1011.0,1011.0,1011.0,1011.0,1011.0
128.0,94.0,83.0,131.0,134.0,100.0,183.0,137.0,193.0,586.0,376.0,409.0,250.0,819.0,294.0,1011.0,1011.0,1011.0,1011.0,1011.0,715.0,499.0,1011.0,1011.0,1011.0,1011.0,179.0,129.0,1011.0,1011.0,1011.0,1011.0,1011.0,1011.0,1011.0,1011.0,1011.0,1011.0,1011.0,1011.0,1011.0,1011.0,1011.0,1011.0,1011.0,1011.0,1011.0,1011.0,1011.0,1011.0,1011.0,1011.0,1011.0,566.0,1011.0,1011.0,1011.0,1011.0,1011.0,1011.0,1011.0,1011.0,1011.0,1011.0,1011.0,262.0,66.0,1011.0,1011.0,1011.0,1011.0,1011.0,1011.0,1011.0,1011.0,1011.0,1011.0,1011.0,1011.0,1011.0,1011.0,1011.0,1011.0,1011.0,886.0,1011.0,1011.0,1011.0,1011.0,1011.0,1011.0,1011.0,1011.0,1011.0,1011.0,1011.0,1011.0,1011.0,1011.0,1011.0
225.0,201.0,322.0,359.0,301.0,211.0,226.0,673.0,1011.0,1011.0,1011.0,1011.0,1011.0,1011.0,1011.0,1011.0,1011.0,1011.0,1011.0,1011.0,1011.0,1011.0,1011.0,1011.0,1011.0,1011.0,1011.0,709.0,1011.0,1011.0,1011.0,1011.0,1011.0,1011.0,1011.0,1011.0,1011.0,1011.0,1011.0,1011.0,1011.0,1011.0,1011.0,1011.0,231.0,105.0,1011.0,1011.0,1011.0,1011.0,1011.0,1011.0,1011.0,1011.0,1011.0,1011.0,1011.0,1011.0,1011.0,1011.0,1011.0,1011.0,577.0,90.0,1011.0,1011.0,1011.0,1011.0,1011.0,1011.0,1011.0,1011.0,1011.0,444.0,1011.0,1011.0,1011.0,1011.0,1011.0,1011.0,1011.0,1011.0,1011.0,1011.0,1011.0,1011.0,163.0,409.0,1011.0,1011.0,1011.0,1011.0,1011.0,1011.0,1011.0,1011.0,1011.0,1011.0,1011.0,1011.0
180.0,178.0,206.0,249.0,207.0,326.0,319.0,588.0,814.0,1011.0,1011.0,1011.0,1011.0,1011.0,1011.0,1011.0,1011.0,1011.0,1011.0,1011.0,1011.0,1011.0,1011.0,1011.0,1011.0,1011.0,1011.0,1011.0,1011.0,1011.0,1011.0,1011.0,1011.0,876.0,17.0,1011.0,119.0,1011.0,1011.0,1011.0,1011.0,1011.0,1011.0,1011.0,1011.0,1011.0,1011.0,1011.0,1011.0,1011.0,1011.0,1011.0,709.0,1011.0,1011.0,338.0,566.0,1011.0,1011.0,1011.0,1011.0,1011.0,1011.0,1011.0,921.0,1011.0,1011.0,1011.0,1011.0,1011.0,1011.0,1011.0,1011.0,1011.0,1011.0,1011.0,1011.0,1011.0,88.0,580.0,1011.0,1011.0,1011.0,1011.0,1011.0,1011.0,1011.0,1011.0,1011.0,1011.0,1011.0,1011.0,1011.0,1011.0,1011.0,1011.0,1011.0,1011.0,1011.0,1011.0
105.0,89.0,82.0,82.0,85.0,83.0,111.0,87.0,82.0,93.0,87.0,82.0,335.0,392.0,280.0,448.0,98.0,514.0,870.0,1011.0,1011.0,1011.0,1011.0,1011.0,1011.0,1011.0,1011.0,1011.0,1011.0,1011.0,1011.0,1011.0,1011.0,1011.0,1011.0,954.0,183.0,1011.0,1011.0,1011.0,1011.0,1011.0,1011.0,1011.0,1011.0,1011.0,1011.0,1011.0,1011.0,1011.0,1011.0,1011.0,1011.0,1011.0,1011.0,1011.0,1011.0,1011.0,1011.0,1011.0,1011.0,171.0,125.0,269.0,1011.0,1011.0,1011.0,1011.0,1011.0,1011.0,340.0,176.0,1011.0,1011.0,1011.0,1011.0,1011.0,1011.0,1011.0,1011.0,1011.0,1011.0,1011.0,1011.0,1011.0,1011.0,1011.0,1011.0,1011.0,1011.0,1011.0,1011.0,1011.0,1011.0,1011.0,1011.0,1011.0,1011.0,1011.0,1011.0
138.0,97.0,99.0,88.0,97.0,85.0,101.0,51.0,488.0,322.0,283.0,796.0,743.0,1011.0,1011.0,1011.0,1011.0,1011.0,1011.0,1011.0,1011.0,1011.0,1011.0,1011.0,1011.0,1011.0,755.0,1011.0,1011.0,1011.0,1011.0,1011.0,1011.0,1011.0,1011.0,1011.0,1011.0,1011.0,1011.0,1011.0,1011.0,1011.0,1011.0,1011.0,1011.0,1011.0,891.0,1011.0,1011.0,1011.0,1011.0,1011.0,1011.0,1011.0,1011.0,1011.0,1011.0,1011.0,1011.0,428.0,99.0,1011.0,1011.0,1011.0,1011.0,1011.0,1011.0,1011.0,1011.0,1011.0,1011.0,1011.0,1011.0,149.0,1011.0,1011.0,1011.0,1011.0,1011.0,1011.0,1011.0,1011.0,1011.0,1011.0,619.0,738.0,785.0,58.0,1011.0,1011.0,1011.0,1011.0,1011.0,1011.0,1011.0,1011.0,1011.0,1011.0,1011.0,1011.0
149.0,137.0,98.0,82.0,71.0,393.0,233.0,205.0,103.0,447.0,121.0,163.0,284.0,119.0,129.0,89.0,80.0,39.0,1011.0,180.0,1011.0,1011.0,1011.0,1011.0,1011.0,1011.0,1011.0,1011.0,1011.0,1011.0,1011.0,1011.0,49.0,99.0,1011.0,1011.0,1011.0,1011.0,1011.0,1011.0,603.0,1011.0,1011.0,26.0,1011.0,1011.0,1011.0,1011.0,1011.0,1011.0,1011.0,1011.0,1011.0,732.0,1011.0,1011.0,1011.0,1011.0,1011.0,1011.0,1011.0,616.0,1011.0,1011.0,1011.0,1011.0,1011.0,1011.0,1011.0,1011.0,1011.0,1011.0,1011.0,1011.0,1011.0,1011.0,1011.0,1011.0,1011.0,1011.0,1011.0,1011.0,1011.0,1011.0,1011.0,1011.0,1011.0,1011.0,1011.0,1011.0,1011.0,1011.0,1011.0,1011.0,1011.0,1011.0,1011.0,1011.0,727.0,66.0
112.0,150.0,105.0,126.0,91.0,145.0,92.0,334.0,396.0,151.0,384.0,950.0,1011.0,1011.0,1011.0,1011.0,1011.0,1011.0,1011.0,1011.0,1011.0,1011.0,797.0,1011.0,1011.0,1011.0,1011.0,1011.0,1011.0,1011.0,1011.0,1011.0,1011.0,1011.0,1011.0,1011.0,1011.0,1011.0,361.0,165.0,1011.0,1011.0,1011.0,1011.0,1011.0,191.0,58.0,1011.0,1011.0,1011.0,1011.0,1011.0,1011.0,1011.0,1011.0,1011.0,1011.0,1011.0,1011.0,1011.0,1011.0,1011.0,1011.0,1011.0,639.0,1011.0,304.0,1011.0,1011.0,1011.0,1011.0,1011.0,1011.0,1011.0,1011.0,1011.0,1011.0,1011.0,1011.0,1011.0,1011.0,319.0,1011.0,1011.0,1011.0,1011.0,1011.0,1011.0,1011.0,1011.0,1011.0,1011.0,1011.0,1011.0,1011.0,949.0,1011.0,1011.0,1011.0,1011.0
177.0,102.0,118.0,167.0,112.0,164.0,118.0,207.0,921.0,1011.0,1011.0,1011.0,1011.0,1011.0,1011.0,1011.0,1011.0,1011.0,1011.0,1011.0,1011.0,1011.0,1011.0,1011.0,401.0,1011.0,610.0,97.0,1011.0,1011.0,1011.0,1011.0,1011.0,1011.0,1011.0,1011.0,1011.0,1011.0,1011.0,1011.0,1011.0,1011.0,1011.0,1011.0,1011.0,1011.0,92.0,79.0,1011.0,1011.0,1011.0,1011.0,1011.0,1011.0,1011.0,1011.0,1011.0,1011.0,1011.0,251.0,51.0,1011.0,1011.0,1011.0,1011.0,648.0,1011.0,1011.0,1011.0,1011.0,1011.0,1011.0,442.0,185.0,47.0,127.0,267.0,1011.0,1011.0,1011.0,1011.0,1011.0,1011.0,1011.0,1011.0,1011.0,1011.0,1011.0,1011.0,1011.0,1011.0,531.0,1011.0,1011.0,1011.0,1011.0,1011.0,1011.0,1011.0,1011.0
177.0,130.0,187.0,186.0,264.0,226.0,288.0,387.0,1011.0,307.0,1011.0,97.0,93.0,1011.0,204.0,1011.0,1011.0,1011.0,1011.0,1011.0,1011.0,1011.0,1011.0,570.0,1011.0,1011.0,1011.0,1011.0,1011.0,1011.0,1011.0,1011.0,1011.0,1011.0,989.0,118.0,1011.0,1011.0,1011.0,1011.0,1011.0,1011.0,1011.0,1011.0,1011.0,1011.0,1011.0,1011.0,1011.0,1011.0,175.0,82.0,213.0,1011.0,1011.0,1011.0,1011.0,1011.0,1011.0,1011.0,1011.0,1011.0,1011.0,1011.0,1011.0,1011.0,1011.0,1011.0,1011.0,1011.0,1011.0,1011.0,1011.0,1011.0,1011.0,1011.0,1011.0,1011.0,1011.0,1011.0,1011.0,1011.0,1011.0,1011.0,1011.0,1011.0,1011.0,995.0,319.0,159.0,590.0,1011.0,1011.0,1011.0,1011.0,1011.0,1011.0,1011.0,1011.0,1011.0
108.0,85.0,66.0,194.0,240.0,64.0,117.0,175.0,463.0,579.0,335.0,630.0,163.0,1011.0,1011.0,1011.0,1011.0,1011.0,1011.0,332.0,1011.0,1011.0,1011.0,1011.0,1011.0,1011.0,1011.0,1011.0,1011.0,1011.0,1011.0,1011.0,1011.0,1011.0,22.0,1011.0,1011.0,1011.0,1011.0,1011.0,1011.0,1011.0,1011.0,1011.0,1011.0,1011.0,1011.0,1011.0,1011.0,1011.0,1011.0,1011.0,1011.0,1011.0,1011.0,1011.0,1011.0,1011.0,1011.0,1011.0,1011.0,1011.0,1011.0,1011.0,1011.0,1011.0,1011.0,1011.0,1011.0,1011.0,1011.0,1011.0,1011.0,1011.0,1011.0,1011.0,1011.0,1011.0,1011.0,671.0,360.0,1011.0,956.0,261.0,851.0,61.0,205.0,55.0,60.0,51.0,57.0,48.0,42.0,38.0,50.0,18.0,38.0,13.0,14.0,7.0
154.0,204.0,152.0,89.0,86.0,253.0,364.0,151.0,112.0,339.0,698.0,560.0,1011.0,1011.0,1011.0,1011.0,1011.0,1011.0,1011.0,1011.0,1011.0,386.0,51.0,1011.0,1011.0,1011.0,1011.0,1011.0,1011.0,1011.0,1011.0,1011.0,1011.0,1011.0,1011.0,1011.0,1011.0,1011.0,1011.0,1011.0,1011.0,1011.0,1011.0,1011.0,1011.0,1011.0,1011.0,1011.0,1011.0,1011.0,1011.0,1011.0,1011.0,1011.0,482.0,404.0,1011.0,1011.0,1011.0,1011.0,1011.0,1011.0,609.0,1011.0,1011.0,1011.0,1011.0,1011.0,1011.0,1011.0,1011.0,1011.0,1011.0,1011.0,1011.0,905.0,1011.0,1011.0,487.0,256.0,1011.0,1011.0,1011.0,1011.0,1011.0,1011.0,1011.0,1011.0,1011.0,1011.0,1011.0,1011.0,1011.0,1011.0,1011.0,1011.0,1011.0,1011.0,194.0,30.0
95.0,81.0,83.0,89.0,167.0,157.0,119.0,285.0,77.0,79.0,255.0,99.0,406.0,1011.0,1011.0,1011.0,1011.0,747.0,1011.0,1011.0,1011.0,1011.0,1011.0,1011.0,1011.0,1011.0,270.0,71.0,1011.0,1011.0,1011.0,1011.0,1011.0,1011.0,1011.0,1011.0,1011.0,1011.0,1011.0,1011.0,204.0,202.0,1011.0,1011.0,1011.0,1011.0,1011.0,1011.0,1011.0,1011.0,100.0,393.0,1011.0,1011.0,1011.0,1011.0,1011.0,1011.0,1011.0,1011.0,501.0,1011.0,1011.0,837.0,1011.0,1011.0,1011.0,1011.0,1011.0,1011.0,1011.0,1011.0,1011.0,1011.0,1011.0,1011.0,1011.0,1011.0,1011.0,1011.0,1011.0,1011.0,1011.0,1011.0,1011.0,1011.0,1011.0,1011.0,1011.0,1011.0,1011.0,1011.0,1011.0,1011.0,1011.0,1011.0,1011.0,1011.0,1011.0,1011.0
105.0,203.0,212.0,154.0,108.0,91.0,135.0,76.0,123.0,109.0,130.0,94.0,109.0,93.0,106.0,106.0,90.0,88.0,162.0,102.0,116.0,101.0,101.0,29.0,257.0,115.0,88.0,85.0,132.0,157.0,153.0,91.0,103.0,123.0,1011.0,398.0,1011.0,1011.0,964.0,89.0,1011.0,1011.0,1011.0,29.0,1011.0,1011.0,1011.0,1011.0,1011.0,1011.0,969.0,177.0,1011.0,1011.0,1011.0,1011.0,1011.0,1011.0,1011.0,1011.0,1011.0,1011.0,115.0,1011.0,1011.0,1011.0,1011.0,1011.0,1011.0,1011.0,1011.0,591.0,1011.0,1011.0,1011.0,1011.0,810.0,1011.0,1011.0,1011.0,1011.0,1011.0,1011.0,1011.0,1011.0,1011.0,1011.0,1011.0,1011.0,1011.0,149.0,1011.0,1011.0,1011.0,1011.0,1011.0,1011.0,1011.0,1011.0,1011.0
74.0,178.0,254.0,217.0,286.0,876.0,1011.0,1011.0,716.0,1011.0,1011.0,799.0,1011.0,1011.0,1011.0,1011.0,1011.0,1011.0,1011.0,1011.0,1011.0,1011.0,1011.0,1011.0,1011.0,1011.0,1011.0,1011.0,1011.0,1011.0,1011.0,462.0,170.0,1011.0,1011.0,1011.0,1011.0,1011.0,1011.0,1011.0,1011.0,1011.0,1011.0,1011.0,1011.0,1011.0,1011.0,1011.0,1011.0,1011.0,1011.0,1011.0,1011.0,1011.0,1011.0,1011.0,1011.0,1011.0,1011.0,1011.0,810.0,152.0,79.0,61.0,245.0,32.0,221.0,147.0,107.0,119.0,101.0,109.0,111.0,124.0,160.0,158.0,151.0,137.0,137.0,140.0,150.0,67.0,32.0,24.0,20.0,27.0,150.0,61.0,53.0,31.0,65.0,27.0,30.0,150.0,26.0,19.0,142.0,32.0,32.0,62.0
226.0,215.0,114.0,114.0,57.0,523.0,403.0,490.0,209.0,1011.0,955.0,1011.0,1011.0,1011.0,1011.0,1011.0,1011.0,1011.0,1011.0,1011.0,1011.0,1011.0,1011.0,1011.0,1011.0,1011.0,1011.0,1011.0,1011.0,1011.0,1011.0,1011.0,1011.0,1011.0,1011.0,690.0,325.0,1011.0,1011.0,1011.0,1011.0,1011.0,1011.0,440.0,102.0,1011.0,1011.0,1011.0,1011.0,1011.0,846.0,1011.0,1011.0,1011.0,1011.0,182.0,167.0,48.0,52.0,405.0,583.0,32.0,74.0,74.0,1011.0,1011.0,1011.0,1011.0,1011.0,1011.0,1011.0,1011.0,1011.0,342.0,143.0,1011.0,1011.0,1011.0,1011.0,1011.0,1011.0,1011.0,1011.0,1011.0,1011.0,1011.0,1011.0,355.0,1011.0,1011.0,1011.0,1011.0,1011.0,1011.0,1011.0,1011.0,1011.0,1011.0,1011.0,1011.0
